Device Serial Number: ,71
Device firmware: ,2
Device PM slope: ,1.0475
Device PM offset: ,-214
Device vibration threshold: ,10

Time Zone: UTC ,-7
Time format:,MM/DD/YYYY 12H
Mission start date: ,08/29/2018 09:23:22 AM
Mission end date: ,08/29/2018 07:25:43 PM
Mission log rate: ,20, seconds
Number of sample taken: ,1769
Maximum 40 sample PM level:,365
Minimum 40 sample PM level:,3
Average active PM concentration:,222
Average PM concentration:,107

Time Stamp, PM, compliance
08/29/2018 09:23:22 AM,1,1
08/29/2018 09:23:42 AM,6,1
08/29/2018 09:24:02 AM,6,0
08/29/2018 09:24:23 AM,6,1
08/29/2018 09:24:43 AM,7,0
08/29/2018 09:25:04 AM,6,1
08/29/2018 09:25:24 AM,5,1
08/29/2018 09:25:45 AM,5,1
08/29/2018 09:26:05 AM,6,0
08/29/2018 09:26:25 AM,4,0
08/29/2018 09:26:46 AM,6,1
08/29/2018 09:27:06 AM,7,1
08/29/2018 09:27:27 AM,6,1
08/29/2018 09:27:47 AM,5,0
08/29/2018 09:28:08 AM,4,0
08/29/2018 09:28:28 AM,5,1
08/29/2018 09:28:49 AM,6,0
08/29/2018 09:29:09 AM,6,1
08/29/2018 09:29:29 AM,8,1
08/29/2018 09:29:50 AM,8,1
08/29/2018 09:30:10 AM,4,1
08/29/2018 09:30:31 AM,3,1
08/29/2018 09:30:51 AM,6,1
08/29/2018 09:31:12 AM,8,1
08/29/2018 09:31:32 AM,8,1
08/29/2018 09:31:53 AM,8,1
08/29/2018 09:32:13 AM,8,1
08/29/2018 09:32:33 AM,9,1
08/29/2018 09:32:54 AM,8,1
08/29/2018 09:33:14 AM,9,1
08/29/2018 09:33:35 AM,7,1
08/29/2018 09:33:55 AM,6,1
08/29/2018 09:34:16 AM,7,1
08/29/2018 09:34:36 AM,7,0
08/29/2018 09:34:57 AM,7,0
08/29/2018 09:35:17 AM,7,1
08/29/2018 09:35:37 AM,6,1
08/29/2018 09:35:58 AM,5,1
08/29/2018 09:36:18 AM,6,1
08/29/2018 09:36:39 AM,6,1
08/29/2018 09:36:59 AM,7,1
08/29/2018 09:37:20 AM,11,1
08/29/2018 09:37:40 AM,14,1
08/29/2018 09:38:01 AM,5,1
08/29/2018 09:38:21 AM,6,1
08/29/2018 09:38:41 AM,25,1
08/29/2018 09:39:02 AM,7,0
08/29/2018 09:39:22 AM,4,1
08/29/2018 09:39:43 AM,6,0
08/29/2018 09:40:03 AM,5,1
08/29/2018 09:40:24 AM,8,1
08/29/2018 09:40:44 AM,6,1
08/29/2018 09:41:04 AM,5,1
08/29/2018 09:41:25 AM,7,1
08/29/2018 09:41:45 AM,3,1
08/29/2018 09:42:06 AM,5,1
08/29/2018 09:42:26 AM,4,0
08/29/2018 09:42:47 AM,4,1
08/29/2018 09:43:07 AM,4,1
08/29/2018 09:43:28 AM,3,1
08/29/2018 09:43:48 AM,4,1
08/29/2018 09:44:08 AM,4,0
08/29/2018 09:44:29 AM,3,0
08/29/2018 09:44:49 AM,7,1
08/29/2018 09:45:10 AM,2,1
08/29/2018 09:45:30 AM,3,0
08/29/2018 09:45:51 AM,2,0
08/29/2018 09:46:11 AM,3,1
08/29/2018 09:46:32 AM,3,1
08/29/2018 09:46:52 AM,3,1
08/29/2018 09:47:12 AM,2,1
08/29/2018 09:47:33 AM,2,0
08/29/2018 09:47:53 AM,3,1
08/29/2018 09:48:14 AM,2,1
08/29/2018 09:48:34 AM,2,1
08/29/2018 09:48:55 AM,1,1
08/29/2018 09:49:15 AM,6,1
08/29/2018 09:49:36 AM,3,1
08/29/2018 09:49:56 AM,2,1
08/29/2018 09:50:16 AM,1,1
08/29/2018 09:50:37 AM,3,1
08/29/2018 09:50:57 AM,2,1
08/29/2018 09:51:18 AM,1,1
08/29/2018 09:51:38 AM,1,0
08/29/2018 09:51:59 AM,2,1
08/29/2018 09:52:19 AM,3,1
08/29/2018 09:52:40 AM,1,0
08/29/2018 09:53:00 AM,0,1
08/29/2018 09:53:20 AM,1,1
08/29/2018 09:53:41 AM,2,1
08/29/2018 09:54:01 AM,1,1
08/29/2018 09:54:22 AM,3,1
08/29/2018 09:54:42 AM,1,1
08/29/2018 09:55:03 AM,2,1
08/29/2018 09:55:23 AM,1,1
08/29/2018 09:55:43 AM,2,1
08/29/2018 09:56:04 AM,1,1
08/29/2018 09:56:24 AM,0,0
08/29/2018 09:56:45 AM,1,1
08/29/2018 09:57:05 AM,3,1
08/29/2018 09:57:26 AM,7,1
08/29/2018 09:57:46 AM,9,1
08/29/2018 09:58:07 AM,24,1
08/29/2018 09:58:27 AM,36,1
08/29/2018 09:58:47 AM,118,1
08/29/2018 09:59:08 AM,173,1
08/29/2018 09:59:28 AM,164,0
08/29/2018 09:59:49 AM,213,1
08/29/2018 10:00:09 AM,183,1
08/29/2018 10:00:30 AM,184,1
08/29/2018 10:00:50 AM,179,1
08/29/2018 10:01:11 AM,211,1
08/29/2018 10:01:31 AM,253,1
08/29/2018 10:01:51 AM,307,1
08/29/2018 10:02:12 AM,378,1
08/29/2018 10:02:32 AM,435,1
08/29/2018 10:02:53 AM,503,1
08/29/2018 10:03:13 AM,564,1
08/29/2018 10:03:34 AM,452,1
08/29/2018 10:03:54 AM,464,1
08/29/2018 10:04:15 AM,416,1
08/29/2018 10:04:35 AM,411,1
08/29/2018 10:04:55 AM,384,1
08/29/2018 10:05:16 AM,394,1
08/29/2018 10:05:36 AM,363,1
08/29/2018 10:05:57 AM,346,1
08/29/2018 10:06:17 AM,327,1
08/29/2018 10:06:38 AM,302,1
08/29/2018 10:06:58 AM,293,1
08/29/2018 10:07:19 AM,278,1
08/29/2018 10:07:39 AM,339,1
08/29/2018 10:07:59 AM,261,1
08/29/2018 10:08:20 AM,299,1
08/29/2018 10:08:40 AM,275,1
08/29/2018 10:09:01 AM,279,1
08/29/2018 10:09:21 AM,278,1
08/29/2018 10:09:42 AM,320,1
08/29/2018 10:10:02 AM,329,1
08/29/2018 10:10:22 AM,319,1
08/29/2018 10:10:43 AM,327,1
08/29/2018 10:11:03 AM,306,1
08/29/2018 10:11:24 AM,296,1
08/29/2018 10:11:44 AM,273,1
08/29/2018 10:12:05 AM,270,1
08/29/2018 10:12:25 AM,263,1
08/29/2018 10:12:46 AM,237,1
08/29/2018 10:13:06 AM,229,1
08/29/2018 10:13:26 AM,241,1
08/29/2018 10:13:47 AM,244,1
08/29/2018 10:14:07 AM,234,1
08/29/2018 10:14:28 AM,248,1
08/29/2018 10:14:48 AM,244,1
08/29/2018 10:15:09 AM,266,1
08/29/2018 10:15:29 AM,301,1
08/29/2018 10:15:50 AM,299,1
08/29/2018 10:16:10 AM,268,1
08/29/2018 10:16:30 AM,291,1
08/29/2018 10:16:51 AM,259,1
08/29/2018 10:17:11 AM,245,1
08/29/2018 10:17:32 AM,222,1
08/29/2018 10:17:52 AM,209,0
08/29/2018 10:18:13 AM,202,1
08/29/2018 10:18:33 AM,261,1
08/29/2018 10:18:54 AM,191,1
08/29/2018 10:19:14 AM,219,1
08/29/2018 10:19:34 AM,218,1
08/29/2018 10:19:55 AM,248,1
08/29/2018 10:20:15 AM,346,0
08/29/2018 10:20:36 AM,274,1
08/29/2018 10:20:56 AM,263,1
08/29/2018 10:21:17 AM,239,1
08/29/2018 10:21:37 AM,326,1
08/29/2018 10:21:58 AM,380,1
08/29/2018 10:22:18 AM,267,1
08/29/2018 10:22:38 AM,243,1
08/29/2018 10:22:59 AM,204,1
08/29/2018 10:23:19 AM,214,1
08/29/2018 10:23:40 AM,217,1
08/29/2018 10:24:00 AM,196,1
08/29/2018 10:24:21 AM,185,1
08/29/2018 10:24:41 AM,185,0
08/29/2018 10:25:02 AM,194,1
08/29/2018 10:25:22 AM,192,1
08/29/2018 10:25:42 AM,186,1
08/29/2018 10:26:03 AM,182,1
08/29/2018 10:26:23 AM,172,1
08/29/2018 10:26:44 AM,187,1
08/29/2018 10:27:04 AM,188,1
08/29/2018 10:27:25 AM,193,1
08/29/2018 10:27:45 AM,196,1
08/29/2018 10:28:05 AM,212,1
08/29/2018 10:28:26 AM,218,0
08/29/2018 10:28:46 AM,213,1
08/29/2018 10:29:07 AM,206,1
08/29/2018 10:29:27 AM,204,1
08/29/2018 10:29:48 AM,217,0
08/29/2018 10:30:08 AM,207,1
08/29/2018 10:30:29 AM,221,1
08/29/2018 10:30:49 AM,212,1
08/29/2018 10:31:09 AM,227,1
08/29/2018 10:31:30 AM,300,1
08/29/2018 10:31:50 AM,253,1
08/29/2018 10:32:11 AM,309,1
08/29/2018 10:32:31 AM,321,1
08/29/2018 10:32:52 AM,361,1
08/29/2018 10:33:12 AM,379,1
08/29/2018 10:33:33 AM,379,1
08/29/2018 10:33:53 AM,388,1
08/29/2018 10:34:13 AM,381,1
08/29/2018 10:34:34 AM,343,1
08/29/2018 10:34:54 AM,340,1
08/29/2018 10:35:15 AM,351,1
08/29/2018 10:35:35 AM,339,1
08/29/2018 10:35:56 AM,295,0
08/29/2018 10:36:16 AM,306,1
08/29/2018 10:36:37 AM,363,1
08/29/2018 10:36:57 AM,318,0
08/29/2018 10:37:17 AM,392,1
08/29/2018 10:37:38 AM,420,1
08/29/2018 10:37:58 AM,472,1
08/29/2018 10:38:19 AM,252,1
08/29/2018 10:38:39 AM,228,1
08/29/2018 10:39:00 AM,205,0
08/29/2018 10:39:20 AM,189,0
08/29/2018 10:39:41 AM,168,1
08/29/2018 10:40:01 AM,157,1
08/29/2018 10:40:21 AM,148,1
08/29/2018 10:40:42 AM,139,1
08/29/2018 10:41:02 AM,136,1
08/29/2018 10:41:23 AM,123,0
08/29/2018 10:41:43 AM,107,1
08/29/2018 10:42:04 AM,105,1
08/29/2018 10:42:24 AM,96,0
08/29/2018 10:42:44 AM,97,1
08/29/2018 10:43:05 AM,92,1
08/29/2018 10:43:25 AM,83,1
08/29/2018 10:43:46 AM,79,0
08/29/2018 10:44:06 AM,72,0
08/29/2018 10:44:27 AM,69,1
08/29/2018 10:44:47 AM,67,1
08/29/2018 10:45:08 AM,65,0
08/29/2018 10:45:28 AM,61,1
08/29/2018 10:45:48 AM,64,1
08/29/2018 10:46:09 AM,61,1
08/29/2018 10:46:29 AM,55,1
08/29/2018 10:46:50 AM,53,1
08/29/2018 10:47:10 AM,49,1
08/29/2018 10:47:31 AM,42,0
08/29/2018 10:47:51 AM,52,1
08/29/2018 10:48:12 AM,45,1
08/29/2018 10:48:32 AM,43,0
08/29/2018 10:48:52 AM,43,0
08/29/2018 10:49:13 AM,40,1
08/29/2018 10:49:33 AM,42,1
08/29/2018 10:49:54 AM,38,1
08/29/2018 10:50:14 AM,36,1
08/29/2018 10:50:35 AM,33,1
08/29/2018 10:50:55 AM,32,1
08/29/2018 10:51:16 AM,34,1
08/29/2018 10:51:36 AM,39,1
08/29/2018 10:51:56 AM,30,0
08/29/2018 10:52:17 AM,29,1
08/29/2018 10:52:37 AM,31,0
08/29/2018 10:52:58 AM,31,0
08/29/2018 10:53:18 AM,29,1
08/29/2018 10:53:39 AM,29,1
08/29/2018 10:53:59 AM,27,1
08/29/2018 10:54:20 AM,26,1
08/29/2018 10:54:40 AM,24,0
08/29/2018 10:55:00 AM,24,1
08/29/2018 10:55:21 AM,23,1
08/29/2018 10:55:41 AM,28,0
08/29/2018 10:56:02 AM,21,1
08/29/2018 10:56:22 AM,21,1
08/29/2018 10:56:43 AM,20,1
08/29/2018 10:57:03 AM,24,1
08/29/2018 10:57:23 AM,19,1
08/29/2018 10:57:44 AM,19,0
08/29/2018 10:58:04 AM,19,0
08/29/2018 10:58:25 AM,21,1
08/29/2018 10:58:45 AM,16,1
08/29/2018 10:59:06 AM,18,1
08/29/2018 10:59:26 AM,17,1
08/29/2018 10:59:47 AM,20,1
08/29/2018 11:00:07 AM,18,0
08/29/2018 11:00:27 AM,18,0
08/29/2018 11:00:48 AM,16,1
08/29/2018 11:01:08 AM,16,1
08/29/2018 11:01:29 AM,18,1
08/29/2018 11:01:49 AM,19,0
08/29/2018 11:02:10 AM,16,0
08/29/2018 11:02:30 AM,16,0
08/29/2018 11:02:51 AM,17,0
08/29/2018 11:03:11 AM,14,0
08/29/2018 11:03:31 AM,14,1
08/29/2018 11:03:52 AM,14,1
08/29/2018 11:04:12 AM,14,1
08/29/2018 11:04:33 AM,15,1
08/29/2018 11:04:53 AM,13,1
08/29/2018 11:05:14 AM,12,1
08/29/2018 11:05:34 AM,14,1
08/29/2018 11:05:55 AM,17,0
08/29/2018 11:06:15 AM,13,0
08/29/2018 11:06:35 AM,12,1
08/29/2018 11:06:56 AM,13,1
08/29/2018 11:07:16 AM,13,1
08/29/2018 11:07:37 AM,16,1
08/29/2018 11:07:57 AM,13,1
08/29/2018 11:08:18 AM,11,1
08/29/2018 11:08:38 AM,15,1
08/29/2018 11:08:59 AM,15,1
08/29/2018 11:09:19 AM,23,1
08/29/2018 11:09:39 AM,26,1
08/29/2018 11:10:00 AM,21,1
08/29/2018 11:10:20 AM,19,0
08/29/2018 11:10:41 AM,27,1
08/29/2018 11:11:01 AM,16,0
08/29/2018 11:11:22 AM,16,0
08/29/2018 11:11:42 AM,20,1
08/29/2018 11:12:02 AM,17,1
08/29/2018 11:12:23 AM,21,0
08/29/2018 11:12:43 AM,21,0
08/29/2018 11:13:04 AM,19,0
08/29/2018 11:13:24 AM,17,1
08/29/2018 11:13:45 AM,15,0
08/29/2018 11:14:05 AM,14,1
08/29/2018 11:14:26 AM,15,1
08/29/2018 11:14:46 AM,17,1
08/29/2018 11:15:06 AM,16,0
08/29/2018 11:15:27 AM,15,1
08/29/2018 11:15:47 AM,13,1
08/29/2018 11:16:08 AM,13,1
08/29/2018 11:16:28 AM,14,1
08/29/2018 11:16:49 AM,14,1
08/29/2018 11:17:09 AM,14,1
08/29/2018 11:17:30 AM,13,1
08/29/2018 11:17:50 AM,15,1
08/29/2018 11:18:10 AM,13,1
08/29/2018 11:18:31 AM,12,1
08/29/2018 11:18:51 AM,14,1
08/29/2018 11:19:12 AM,17,1
08/29/2018 11:19:32 AM,12,1
08/29/2018 11:19:53 AM,12,1
08/29/2018 11:20:13 AM,12,1
08/29/2018 11:20:34 AM,13,0
08/29/2018 11:20:54 AM,13,0
08/29/2018 11:21:14 AM,15,1
08/29/2018 11:21:35 AM,11,1
08/29/2018 11:21:55 AM,15,1
08/29/2018 11:22:16 AM,11,1
08/29/2018 11:22:36 AM,13,1
08/29/2018 11:22:57 AM,11,1
08/29/2018 11:23:17 AM,14,1
08/29/2018 11:23:38 AM,11,0
08/29/2018 11:23:58 AM,18,1
08/29/2018 11:24:18 AM,13,1
08/29/2018 11:24:39 AM,12,1
08/29/2018 11:24:59 AM,15,1
08/29/2018 11:25:20 AM,13,1
08/29/2018 11:25:40 AM,13,1
08/29/2018 11:26:01 AM,11,1
08/29/2018 11:26:21 AM,11,1
08/29/2018 11:26:42 AM,14,1
08/29/2018 11:27:02 AM,14,0
08/29/2018 11:27:22 AM,12,1
08/29/2018 11:27:43 AM,13,1
08/29/2018 11:28:03 AM,13,1
08/29/2018 11:28:24 AM,13,0
08/29/2018 11:28:44 AM,13,1
08/29/2018 11:29:05 AM,12,1
08/29/2018 11:29:25 AM,12,0
08/29/2018 11:29:45 AM,14,1
08/29/2018 11:30:06 AM,11,1
08/29/2018 11:30:26 AM,13,1
08/29/2018 11:30:47 AM,11,0
08/29/2018 11:31:07 AM,11,1
08/29/2018 11:31:28 AM,14,0
08/29/2018 11:31:48 AM,14,1
08/29/2018 11:32:09 AM,16,1
08/29/2018 11:32:29 AM,16,1
08/29/2018 11:32:49 AM,58,1
08/29/2018 11:33:10 AM,416,1
08/29/2018 11:33:30 AM,226,1
08/29/2018 11:33:51 AM,355,1
08/29/2018 11:34:11 AM,577,1
08/29/2018 11:34:32 AM,676,0
08/29/2018 11:34:52 AM,659,0
08/29/2018 11:35:13 AM,632,0
08/29/2018 11:35:33 AM,560,1
08/29/2018 11:35:53 AM,589,1
08/29/2018 11:36:14 AM,497,0
08/29/2018 11:36:34 AM,467,1
08/29/2018 11:36:55 AM,428,0
08/29/2018 11:37:15 AM,412,0
08/29/2018 11:37:36 AM,379,1
08/29/2018 11:37:56 AM,409,1
08/29/2018 11:38:17 AM,389,0
08/29/2018 11:38:37 AM,303,1
08/29/2018 11:38:57 AM,331,1
08/29/2018 11:39:18 AM,339,0
08/29/2018 11:39:38 AM,295,0
08/29/2018 11:39:59 AM,273,1
08/29/2018 11:40:19 AM,261,0
08/29/2018 11:40:40 AM,231,1
08/29/2018 11:41:00 AM,256,1
08/29/2018 11:41:21 AM,258,1
08/29/2018 11:41:41 AM,195,1
08/29/2018 11:42:01 AM,249,1
08/29/2018 11:42:22 AM,197,1
08/29/2018 11:42:42 AM,252,0
08/29/2018 11:43:03 AM,233,0
08/29/2018 11:43:23 AM,243,0
08/29/2018 11:43:44 AM,261,0
08/29/2018 11:44:04 AM,283,0
08/29/2018 11:44:24 AM,290,0
08/29/2018 11:44:45 AM,349,1
08/29/2018 11:45:05 AM,289,1
08/29/2018 11:45:26 AM,272,0
08/29/2018 11:45:46 AM,262,1
08/29/2018 11:46:07 AM,280,1
08/29/2018 11:46:27 AM,299,1
08/29/2018 11:46:48 AM,327,0
08/29/2018 11:47:08 AM,395,0
08/29/2018 11:47:28 AM,332,1
08/29/2018 11:47:49 AM,366,1
08/29/2018 11:48:09 AM,350,0
08/29/2018 11:48:30 AM,351,0
08/29/2018 11:48:50 AM,368,0
08/29/2018 11:49:11 AM,433,1
08/29/2018 11:49:31 AM,377,1
08/29/2018 11:49:52 AM,359,0
08/29/2018 11:50:12 AM,390,0
08/29/2018 11:50:32 AM,342,1
08/29/2018 11:50:53 AM,345,1
08/29/2018 11:51:13 AM,358,0
08/29/2018 11:51:34 AM,344,0
08/29/2018 11:51:54 AM,333,0
08/29/2018 11:52:15 AM,314,0
08/29/2018 11:52:35 AM,280,0
08/29/2018 11:52:56 AM,263,0
08/29/2018 11:53:16 AM,296,0
08/29/2018 11:53:36 AM,306,1
08/29/2018 11:53:57 AM,301,0
08/29/2018 11:54:17 AM,361,1
08/29/2018 11:54:38 AM,303,0
08/29/2018 11:54:58 AM,281,1
08/29/2018 11:55:19 AM,300,1
08/29/2018 11:55:39 AM,258,1
08/29/2018 11:56:00 AM,240,1
08/29/2018 11:56:20 AM,231,0
08/29/2018 11:56:40 AM,296,0
08/29/2018 11:57:01 AM,275,0
08/29/2018 11:57:21 AM,214,1
08/29/2018 11:57:42 AM,203,1
08/29/2018 11:58:02 AM,213,0
08/29/2018 11:58:23 AM,183,0
08/29/2018 11:58:43 AM,199,1
08/29/2018 11:59:03 AM,221,0
08/29/2018 11:59:24 AM,172,0
08/29/2018 11:59:44 AM,214,0
08/29/2018 12:00:05 PM,172,1
08/29/2018 12:00:25 PM,192,1
08/29/2018 12:00:46 PM,173,1
08/29/2018 12:01:06 PM,184,1
08/29/2018 12:01:27 PM,172,0
08/29/2018 12:01:47 PM,160,1
08/29/2018 12:02:07 PM,162,0
08/29/2018 12:02:28 PM,158,0
08/29/2018 12:02:48 PM,153,1
08/29/2018 12:03:09 PM,156,1
08/29/2018 12:03:29 PM,145,0
08/29/2018 12:03:50 PM,140,1
08/29/2018 12:04:10 PM,133,1
08/29/2018 12:04:31 PM,139,0
08/29/2018 12:04:51 PM,121,1
08/29/2018 12:05:11 PM,123,1
08/29/2018 12:05:32 PM,145,1
08/29/2018 12:05:52 PM,134,0
08/29/2018 12:06:13 PM,211,0
08/29/2018 12:06:33 PM,229,0
08/29/2018 12:06:54 PM,184,0
08/29/2018 12:07:14 PM,188,0
08/29/2018 12:07:35 PM,197,0
08/29/2018 12:07:55 PM,206,1
08/29/2018 12:08:15 PM,200,0
08/29/2018 12:08:36 PM,205,0
08/29/2018 12:08:56 PM,185,0
08/29/2018 12:09:17 PM,169,1
08/29/2018 12:09:37 PM,172,0
08/29/2018 12:09:58 PM,163,0
08/29/2018 12:10:18 PM,184,1
08/29/2018 12:10:39 PM,182,1
08/29/2018 12:10:59 PM,267,0
08/29/2018 12:11:19 PM,186,1
08/29/2018 12:11:40 PM,177,1
08/29/2018 12:12:00 PM,262,1
08/29/2018 12:12:21 PM,189,1
08/29/2018 12:12:41 PM,188,1
08/29/2018 12:13:02 PM,191,1
08/29/2018 12:13:22 PM,192,0
08/29/2018 12:13:43 PM,170,0
08/29/2018 12:14:03 PM,149,1
08/29/2018 12:14:23 PM,146,1
08/29/2018 12:14:44 PM,138,0
08/29/2018 12:15:04 PM,119,0
08/29/2018 12:15:25 PM,117,0
08/29/2018 12:15:45 PM,106,0
08/29/2018 12:16:06 PM,99,0
08/29/2018 12:16:26 PM,94,0
08/29/2018 12:16:46 PM,94,1
08/29/2018 12:17:07 PM,91,0
08/29/2018 12:17:27 PM,79,1
08/29/2018 12:17:48 PM,77,0
08/29/2018 12:18:08 PM,74,0
08/29/2018 12:18:29 PM,77,1
08/29/2018 12:18:49 PM,72,1
08/29/2018 12:19:10 PM,68,0
08/29/2018 12:19:30 PM,62,0
08/29/2018 12:19:50 PM,58,1
08/29/2018 12:20:11 PM,56,1
08/29/2018 12:20:31 PM,53,1
08/29/2018 12:20:52 PM,56,0
08/29/2018 12:21:12 PM,51,1
08/29/2018 12:21:33 PM,54,1
08/29/2018 12:21:53 PM,49,1
08/29/2018 12:22:14 PM,49,1
08/29/2018 12:22:34 PM,49,1
08/29/2018 12:22:54 PM,49,1
08/29/2018 12:23:15 PM,47,1
08/29/2018 12:23:35 PM,46,1
08/29/2018 12:23:56 PM,41,1
08/29/2018 12:24:16 PM,41,0
08/29/2018 12:24:37 PM,41,1
08/29/2018 12:24:57 PM,39,0
08/29/2018 12:25:18 PM,37,0
08/29/2018 12:25:38 PM,36,1
08/29/2018 12:25:58 PM,38,1
08/29/2018 12:26:19 PM,35,0
08/29/2018 12:26:39 PM,35,0
08/29/2018 12:27:00 PM,38,0
08/29/2018 12:27:20 PM,35,0
08/29/2018 12:27:41 PM,34,1
08/29/2018 12:28:01 PM,34,1
08/29/2018 12:28:22 PM,33,1
08/29/2018 12:28:42 PM,33,1
08/29/2018 12:29:02 PM,32,1
08/29/2018 12:29:23 PM,32,0
08/29/2018 12:29:43 PM,30,1
08/29/2018 12:30:04 PM,32,1
08/29/2018 12:30:24 PM,31,0
08/29/2018 12:30:45 PM,31,0
08/29/2018 12:31:05 PM,29,1
08/29/2018 12:31:25 PM,28,0
08/29/2018 12:31:46 PM,30,1
08/29/2018 12:32:06 PM,27,1
08/29/2018 12:32:27 PM,30,1
08/29/2018 12:32:47 PM,26,1
08/29/2018 12:33:08 PM,28,0
08/29/2018 12:33:28 PM,28,0
08/29/2018 12:33:49 PM,26,0
08/29/2018 12:34:09 PM,27,1
08/29/2018 12:34:29 PM,26,1
08/29/2018 12:34:50 PM,27,1
08/29/2018 12:35:10 PM,27,0
08/29/2018 12:35:31 PM,26,0
08/29/2018 12:35:51 PM,26,0
08/29/2018 12:36:12 PM,26,1
08/29/2018 12:36:32 PM,24,1
08/29/2018 12:36:53 PM,27,1
08/29/2018 12:37:13 PM,25,0
08/29/2018 12:37:33 PM,24,0
08/29/2018 12:37:54 PM,25,1
08/29/2018 12:38:14 PM,26,1
08/29/2018 12:38:35 PM,24,0
08/29/2018 12:38:55 PM,25,0
08/29/2018 12:39:16 PM,25,0
08/29/2018 12:39:36 PM,23,1
08/29/2018 12:39:57 PM,24,1
08/29/2018 12:40:17 PM,23,0
08/29/2018 12:40:37 PM,21,1
08/29/2018 12:40:58 PM,24,0
08/29/2018 12:41:18 PM,24,1
08/29/2018 12:41:39 PM,21,1
08/29/2018 12:41:59 PM,23,1
08/29/2018 12:42:20 PM,24,0
08/29/2018 12:42:40 PM,21,1
08/29/2018 12:43:01 PM,23,0
08/29/2018 12:43:21 PM,21,0
08/29/2018 12:43:41 PM,23,0
08/29/2018 12:44:02 PM,21,0
08/29/2018 12:44:22 PM,21,1
08/29/2018 12:44:43 PM,21,0
08/29/2018 12:45:03 PM,20,1
08/29/2018 12:45:24 PM,24,1
08/29/2018 12:45:44 PM,23,0
08/29/2018 12:46:04 PM,24,1
08/29/2018 12:46:25 PM,20,0
08/29/2018 12:46:45 PM,21,0
08/29/2018 12:47:06 PM,20,0
08/29/2018 12:47:26 PM,20,0
08/29/2018 12:47:47 PM,23,1
08/29/2018 12:48:07 PM,21,0
08/29/2018 12:48:28 PM,19,0
08/29/2018 12:48:48 PM,21,1
08/29/2018 12:49:08 PM,23,0
08/29/2018 12:49:29 PM,26,0
08/29/2018 12:49:49 PM,29,0
08/29/2018 12:50:10 PM,30,1
08/29/2018 12:50:30 PM,27,0
08/29/2018 12:50:51 PM,24,0
08/29/2018 12:51:11 PM,31,0
08/29/2018 12:51:32 PM,23,0
08/29/2018 12:51:52 PM,27,0
08/29/2018 12:52:12 PM,24,1
08/29/2018 12:52:33 PM,25,0
08/29/2018 12:52:53 PM,25,1
08/29/2018 12:53:14 PM,23,0
08/29/2018 12:53:34 PM,23,1
08/29/2018 12:53:55 PM,20,1
08/29/2018 12:54:15 PM,27,0
08/29/2018 12:54:36 PM,20,0
08/29/2018 12:54:56 PM,19,1
08/29/2018 12:55:16 PM,20,0
08/29/2018 12:55:37 PM,27,0
08/29/2018 12:55:57 PM,19,0
08/29/2018 12:56:18 PM,21,1
08/29/2018 12:56:38 PM,19,0
08/29/2018 12:56:59 PM,20,0
08/29/2018 12:57:19 PM,21,0
08/29/2018 12:57:40 PM,18,0
08/29/2018 12:58:00 PM,21,1
08/29/2018 12:58:20 PM,20,0
08/29/2018 12:58:41 PM,20,1
08/29/2018 12:59:01 PM,19,1
08/29/2018 12:59:22 PM,20,0
08/29/2018 12:59:42 PM,21,0
08/29/2018 01:00:03 PM,20,0
08/29/2018 01:00:23 PM,18,1
08/29/2018 01:00:43 PM,19,0
08/29/2018 01:01:04 PM,17,0
08/29/2018 01:01:24 PM,20,1
08/29/2018 01:01:45 PM,20,0
08/29/2018 01:02:05 PM,21,0
08/29/2018 01:02:26 PM,18,1
08/29/2018 01:02:46 PM,18,1
08/29/2018 01:03:07 PM,19,0
08/29/2018 01:03:27 PM,17,0
08/29/2018 01:03:47 PM,19,0
08/29/2018 01:04:08 PM,20,1
08/29/2018 01:04:28 PM,18,0
08/29/2018 01:04:49 PM,18,1
08/29/2018 01:05:09 PM,19,0
08/29/2018 01:05:30 PM,20,0
08/29/2018 01:05:50 PM,19,0
08/29/2018 01:06:11 PM,19,1
08/29/2018 01:06:31 PM,20,1
08/29/2018 01:06:51 PM,19,1
08/29/2018 01:07:12 PM,20,1
08/29/2018 01:07:32 PM,21,1
08/29/2018 01:07:53 PM,20,1
08/29/2018 01:08:13 PM,20,0
08/29/2018 01:08:34 PM,19,1
08/29/2018 01:08:54 PM,23,1
08/29/2018 01:09:15 PM,20,1
08/29/2018 01:09:35 PM,20,1
08/29/2018 01:09:55 PM,20,1
08/29/2018 01:10:16 PM,20,1
08/29/2018 01:10:36 PM,20,0
08/29/2018 01:10:57 PM,20,0
08/29/2018 01:11:17 PM,20,0
08/29/2018 01:11:38 PM,20,0
08/29/2018 01:11:58 PM,25,0
08/29/2018 01:12:19 PM,25,0
08/29/2018 01:12:39 PM,46,0
08/29/2018 01:12:59 PM,67,0
08/29/2018 01:13:20 PM,82,1
08/29/2018 01:13:40 PM,86,1
08/29/2018 01:14:01 PM,103,1
08/29/2018 01:14:21 PM,106,0
08/29/2018 01:14:42 PM,101,1
08/29/2018 01:15:02 PM,101,0
08/29/2018 01:15:23 PM,128,0
08/29/2018 01:15:43 PM,125,1
08/29/2018 01:16:03 PM,130,0
08/29/2018 01:16:24 PM,151,1
08/29/2018 01:16:44 PM,159,0
08/29/2018 01:17:05 PM,170,0
08/29/2018 01:17:25 PM,173,0
08/29/2018 01:17:46 PM,182,0
08/29/2018 01:18:06 PM,177,0
08/29/2018 01:18:26 PM,168,0
08/29/2018 01:18:47 PM,150,1
08/29/2018 01:19:07 PM,150,1
08/29/2018 01:19:28 PM,143,0
08/29/2018 01:19:48 PM,133,0
08/29/2018 01:20:09 PM,130,1
08/29/2018 01:20:29 PM,135,0
08/29/2018 01:20:50 PM,140,0
08/29/2018 01:21:10 PM,167,0
08/29/2018 01:21:30 PM,201,0
08/29/2018 01:21:51 PM,228,0
08/29/2018 01:22:11 PM,260,1
08/29/2018 01:22:32 PM,295,0
08/29/2018 01:22:52 PM,309,0
08/29/2018 01:23:13 PM,391,0
08/29/2018 01:23:33 PM,464,1
08/29/2018 01:23:54 PM,449,0
08/29/2018 01:24:14 PM,539,0
08/29/2018 01:24:34 PM,579,1
08/29/2018 01:24:55 PM,598,0
08/29/2018 01:25:15 PM,558,0
08/29/2018 01:25:36 PM,543,0
08/29/2018 01:25:56 PM,527,0
08/29/2018 01:26:17 PM,498,0
08/29/2018 01:26:37 PM,520,0
08/29/2018 01:26:58 PM,478,0
08/29/2018 01:27:18 PM,453,1
08/29/2018 01:27:38 PM,446,0
08/29/2018 01:27:59 PM,458,0
08/29/2018 01:28:19 PM,466,1
08/29/2018 01:28:40 PM,473,1
08/29/2018 01:29:00 PM,429,1
08/29/2018 01:29:21 PM,471,0
08/29/2018 01:29:41 PM,461,1
08/29/2018 01:30:02 PM,394,1
08/29/2018 01:30:22 PM,397,0
08/29/2018 01:30:42 PM,384,1
08/29/2018 01:31:03 PM,327,1
08/29/2018 01:31:23 PM,321,1
08/29/2018 01:31:44 PM,316,1
08/29/2018 01:32:04 PM,290,0
08/29/2018 01:32:25 PM,402,1
08/29/2018 01:32:45 PM,300,1
08/29/2018 01:33:05 PM,303,0
08/29/2018 01:33:26 PM,321,0
08/29/2018 01:33:46 PM,316,0
08/29/2018 01:34:07 PM,290,1
08/29/2018 01:34:27 PM,280,1
08/29/2018 01:34:48 PM,275,0
08/29/2018 01:35:08 PM,240,0
08/29/2018 01:35:29 PM,232,0
08/29/2018 01:35:49 PM,216,0
08/29/2018 01:36:09 PM,238,0
08/29/2018 01:36:30 PM,237,0
08/29/2018 01:36:50 PM,263,0
08/29/2018 01:37:11 PM,306,1
08/29/2018 01:37:31 PM,283,0
08/29/2018 01:37:52 PM,283,0
08/29/2018 01:38:12 PM,311,1
08/29/2018 01:38:33 PM,337,1
08/29/2018 01:38:53 PM,323,1
08/29/2018 01:39:13 PM,339,1
08/29/2018 01:39:34 PM,337,0
08/29/2018 01:39:54 PM,303,0
08/29/2018 01:40:15 PM,297,0
08/29/2018 01:40:35 PM,312,1
08/29/2018 01:40:56 PM,300,1
08/29/2018 01:41:16 PM,318,1
08/29/2018 01:41:37 PM,325,1
08/29/2018 01:41:57 PM,401,0
08/29/2018 01:42:17 PM,304,0
08/29/2018 01:42:38 PM,302,1
08/29/2018 01:42:58 PM,324,1
08/29/2018 01:43:19 PM,295,1
08/29/2018 01:43:39 PM,298,1
08/29/2018 01:44:00 PM,317,1
08/29/2018 01:44:20 PM,324,0
08/29/2018 01:44:41 PM,313,0
08/29/2018 01:45:01 PM,305,0
08/29/2018 01:45:21 PM,296,0
08/29/2018 01:45:42 PM,294,0
08/29/2018 01:46:02 PM,301,1
08/29/2018 01:46:23 PM,298,0
08/29/2018 01:46:43 PM,280,0
08/29/2018 01:47:04 PM,287,1
08/29/2018 01:47:24 PM,258,0
08/29/2018 01:47:44 PM,267,0
08/29/2018 01:48:05 PM,240,0
08/29/2018 01:48:25 PM,217,0
08/29/2018 01:48:46 PM,248,1
08/29/2018 01:49:06 PM,206,1
08/29/2018 01:49:27 PM,203,1
08/29/2018 01:49:47 PM,197,1
08/29/2018 01:50:08 PM,195,0
08/29/2018 01:50:28 PM,195,0
08/29/2018 01:50:48 PM,190,0
08/29/2018 01:51:09 PM,177,0
08/29/2018 01:51:29 PM,174,0
08/29/2018 01:51:50 PM,157,0
08/29/2018 01:52:10 PM,144,0
08/29/2018 01:52:31 PM,138,0
08/29/2018 01:52:51 PM,137,0
08/29/2018 01:53:12 PM,135,0
08/29/2018 01:53:32 PM,127,0
08/29/2018 01:53:52 PM,122,0
08/29/2018 01:54:13 PM,116,0
08/29/2018 01:54:33 PM,111,0
08/29/2018 01:54:54 PM,112,0
08/29/2018 01:55:14 PM,109,0
08/29/2018 01:55:35 PM,111,0
08/29/2018 01:55:55 PM,103,1
08/29/2018 01:56:16 PM,102,0
08/29/2018 01:56:36 PM,107,1
08/29/2018 01:56:56 PM,104,0
08/29/2018 01:57:17 PM,96,1
08/29/2018 01:57:37 PM,92,0
08/29/2018 01:57:58 PM,91,0
08/29/2018 01:58:18 PM,84,0
08/29/2018 01:58:39 PM,83,1
08/29/2018 01:58:59 PM,83,0
08/29/2018 01:59:20 PM,78,0
08/29/2018 01:59:40 PM,77,0
08/29/2018 02:00:00 PM,76,0
08/29/2018 02:00:21 PM,72,0
08/29/2018 02:00:41 PM,73,0
08/29/2018 02:01:02 PM,70,0
08/29/2018 02:01:22 PM,70,0
08/29/2018 02:01:43 PM,64,0
08/29/2018 02:02:03 PM,61,1
08/29/2018 02:02:23 PM,64,1
08/29/2018 02:02:44 PM,63,0
08/29/2018 02:03:04 PM,60,0
08/29/2018 02:03:25 PM,60,0
08/29/2018 02:03:45 PM,58,0
08/29/2018 02:04:06 PM,60,0
08/29/2018 02:04:26 PM,57,0
08/29/2018 02:04:47 PM,51,1
08/29/2018 02:05:07 PM,55,0
08/29/2018 02:05:27 PM,52,1
08/29/2018 02:05:48 PM,51,1
08/29/2018 02:06:08 PM,51,1
08/29/2018 02:06:29 PM,52,1
08/29/2018 02:06:49 PM,47,0
08/29/2018 02:07:10 PM,49,0
08/29/2018 02:07:30 PM,49,0
08/29/2018 02:07:51 PM,48,0
08/29/2018 02:08:11 PM,46,0
08/29/2018 02:08:31 PM,46,0
08/29/2018 02:08:52 PM,45,0
08/29/2018 02:09:12 PM,45,0
08/29/2018 02:09:33 PM,41,0
08/29/2018 02:09:53 PM,47,1
08/29/2018 02:10:14 PM,42,0
08/29/2018 02:10:34 PM,39,1
08/29/2018 02:10:55 PM,41,1
08/29/2018 02:11:15 PM,39,1
08/29/2018 02:11:35 PM,41,0
08/29/2018 02:11:56 PM,41,0
08/29/2018 02:12:16 PM,40,0
08/29/2018 02:12:37 PM,39,1
08/29/2018 02:12:57 PM,37,0
08/29/2018 02:13:18 PM,38,1
08/29/2018 02:13:38 PM,37,1
08/29/2018 02:13:59 PM,40,1
08/29/2018 02:14:19 PM,38,0
08/29/2018 02:14:39 PM,34,0
08/29/2018 02:15:00 PM,34,0
08/29/2018 02:15:20 PM,37,0
08/29/2018 02:15:41 PM,34,0
08/29/2018 02:16:01 PM,33,1
08/29/2018 02:16:22 PM,35,1
08/29/2018 02:16:42 PM,33,0
08/29/2018 02:17:03 PM,34,0
08/29/2018 02:17:23 PM,32,0
08/29/2018 02:17:43 PM,34,0
08/29/2018 02:18:04 PM,33,1
08/29/2018 02:18:24 PM,34,0
08/29/2018 02:18:45 PM,34,0
08/29/2018 02:19:05 PM,38,0
08/29/2018 02:19:26 PM,32,0
08/29/2018 02:19:46 PM,32,1
08/29/2018 02:20:06 PM,34,0
08/29/2018 02:20:27 PM,35,0
08/29/2018 02:20:47 PM,32,0
08/29/2018 02:21:08 PM,28,0
08/29/2018 02:21:28 PM,30,1
08/29/2018 02:21:49 PM,31,1
08/29/2018 02:22:09 PM,27,1
08/29/2018 02:22:30 PM,29,1
08/29/2018 02:22:50 PM,27,1
08/29/2018 02:23:10 PM,29,0
08/29/2018 02:23:31 PM,29,0
08/29/2018 02:23:51 PM,28,1
08/29/2018 02:24:12 PM,27,0
08/29/2018 02:24:32 PM,27,1
08/29/2018 02:24:53 PM,25,1
08/29/2018 02:25:13 PM,25,0
08/29/2018 02:25:34 PM,26,1
08/29/2018 02:25:54 PM,27,1
08/29/2018 02:26:14 PM,29,0
08/29/2018 02:26:35 PM,25,1
08/29/2018 02:26:55 PM,26,1
08/29/2018 02:27:16 PM,28,1
08/29/2018 02:27:36 PM,28,1
08/29/2018 02:27:57 PM,24,0
08/29/2018 02:28:17 PM,24,0
08/29/2018 02:28:38 PM,34,0
08/29/2018 02:28:58 PM,29,0
08/29/2018 02:29:18 PM,31,1
08/29/2018 02:29:39 PM,26,1
08/29/2018 02:29:59 PM,28,0
08/29/2018 02:30:20 PM,27,0
08/29/2018 02:30:40 PM,33,0
08/29/2018 02:31:01 PM,36,1
08/29/2018 02:31:21 PM,28,0
08/29/2018 02:31:42 PM,38,1
08/29/2018 02:32:02 PM,29,1
08/29/2018 02:32:22 PM,27,1
08/29/2018 02:32:43 PM,27,1
08/29/2018 02:33:03 PM,25,1
08/29/2018 02:33:24 PM,24,1
08/29/2018 02:33:44 PM,26,1
08/29/2018 02:34:05 PM,24,0
08/29/2018 02:34:25 PM,24,0
08/29/2018 02:34:45 PM,25,1
08/29/2018 02:35:06 PM,24,0
08/29/2018 02:35:26 PM,24,0
08/29/2018 02:35:47 PM,24,0
08/29/2018 02:36:07 PM,23,1
08/29/2018 02:36:28 PM,24,1
08/29/2018 02:36:48 PM,21,1
08/29/2018 02:37:09 PM,21,1
08/29/2018 02:37:29 PM,24,0
08/29/2018 02:37:49 PM,25,0
08/29/2018 02:38:10 PM,25,1
08/29/2018 02:38:30 PM,24,1
08/29/2018 02:38:51 PM,24,1
08/29/2018 02:39:11 PM,23,1
08/29/2018 02:39:32 PM,23,0
08/29/2018 02:39:52 PM,21,0
08/29/2018 02:40:13 PM,21,0
08/29/2018 02:40:33 PM,25,1
08/29/2018 02:40:53 PM,21,0
08/29/2018 02:41:14 PM,21,1
08/29/2018 02:41:34 PM,24,1
08/29/2018 02:41:55 PM,21,0
08/29/2018 02:42:15 PM,23,0
08/29/2018 02:42:36 PM,26,0
08/29/2018 02:42:56 PM,23,0
08/29/2018 02:43:17 PM,23,1
08/29/2018 02:43:37 PM,23,1
08/29/2018 02:43:57 PM,23,1
08/29/2018 02:44:18 PM,24,1
08/29/2018 02:44:38 PM,24,0
08/29/2018 02:44:59 PM,23,0
08/29/2018 02:45:19 PM,24,0
08/29/2018 02:45:40 PM,23,0
08/29/2018 02:46:00 PM,20,0
08/29/2018 02:46:21 PM,23,0
08/29/2018 02:46:41 PM,24,0
08/29/2018 02:47:01 PM,20,1
08/29/2018 02:47:22 PM,21,1
08/29/2018 02:47:42 PM,21,0
08/29/2018 02:48:03 PM,21,0
08/29/2018 02:48:23 PM,20,1
08/29/2018 02:48:44 PM,21,1
08/29/2018 02:49:04 PM,21,0
08/29/2018 02:49:24 PM,21,0
08/29/2018 02:49:45 PM,23,1
08/29/2018 02:50:05 PM,24,0
08/29/2018 02:50:26 PM,29,0
08/29/2018 02:50:46 PM,21,0
08/29/2018 02:51:07 PM,24,0
08/29/2018 02:51:27 PM,23,0
08/29/2018 02:51:48 PM,23,0
08/29/2018 02:52:08 PM,21,0
08/29/2018 02:52:28 PM,24,0
08/29/2018 02:52:49 PM,23,1
08/29/2018 02:53:09 PM,23,0
08/29/2018 02:53:30 PM,23,0
08/29/2018 02:53:50 PM,21,0
08/29/2018 02:54:11 PM,23,1
08/29/2018 02:54:31 PM,21,1
08/29/2018 02:54:52 PM,24,1
08/29/2018 02:55:12 PM,21,1
08/29/2018 02:55:32 PM,21,1
08/29/2018 02:55:53 PM,23,0
08/29/2018 02:56:13 PM,21,0
08/29/2018 02:56:34 PM,19,0
08/29/2018 02:56:54 PM,21,1
08/29/2018 02:57:15 PM,20,1
08/29/2018 02:57:35 PM,23,1
08/29/2018 02:57:56 PM,21,0
08/29/2018 02:58:16 PM,23,0
08/29/2018 02:58:36 PM,23,0
08/29/2018 02:58:57 PM,20,1
08/29/2018 02:59:17 PM,21,0
08/29/2018 02:59:38 PM,23,0
08/29/2018 02:59:58 PM,21,0
08/29/2018 03:00:19 PM,21,0
08/29/2018 03:00:39 PM,21,1
08/29/2018 03:01:00 PM,23,1
08/29/2018 03:01:20 PM,20,0
08/29/2018 03:01:40 PM,21,0
08/29/2018 03:02:01 PM,23,1
08/29/2018 03:02:21 PM,21,0
08/29/2018 03:02:42 PM,21,0
08/29/2018 03:03:02 PM,32,1
08/29/2018 03:03:23 PM,21,1
08/29/2018 03:03:43 PM,21,1
08/29/2018 03:04:04 PM,21,0
08/29/2018 03:04:24 PM,21,0
08/29/2018 03:04:44 PM,21,0
08/29/2018 03:05:05 PM,21,1
08/29/2018 03:05:25 PM,21,1
08/29/2018 03:05:46 PM,21,0
08/29/2018 03:06:06 PM,21,0
08/29/2018 03:06:27 PM,23,0
08/29/2018 03:06:47 PM,24,0
08/29/2018 03:07:07 PM,21,0
08/29/2018 03:07:28 PM,21,0
08/29/2018 03:07:48 PM,21,0
08/29/2018 03:08:09 PM,21,1
08/29/2018 03:08:29 PM,21,0
08/29/2018 03:08:50 PM,21,0
08/29/2018 03:09:10 PM,20,0
08/29/2018 03:09:31 PM,20,0
08/29/2018 03:09:51 PM,21,0
08/29/2018 03:10:11 PM,24,0
08/29/2018 03:10:32 PM,19,0
08/29/2018 03:10:52 PM,21,0
08/29/2018 03:11:13 PM,23,1
08/29/2018 03:11:33 PM,23,1
08/29/2018 03:11:54 PM,21,0
08/29/2018 03:12:14 PM,23,0
08/29/2018 03:12:35 PM,23,0
08/29/2018 03:12:55 PM,21,1
08/29/2018 03:13:15 PM,20,1
08/29/2018 03:13:36 PM,21,1
08/29/2018 03:13:56 PM,21,1
08/29/2018 03:14:17 PM,23,1
08/29/2018 03:14:37 PM,23,0
08/29/2018 03:14:58 PM,20,0
08/29/2018 03:15:18 PM,23,1
08/29/2018 03:15:39 PM,21,1
08/29/2018 03:15:59 PM,24,0
08/29/2018 03:16:19 PM,20,0
08/29/2018 03:16:40 PM,20,1
08/29/2018 03:17:00 PM,21,1
08/29/2018 03:17:21 PM,21,1
08/29/2018 03:17:41 PM,21,1
08/29/2018 03:18:02 PM,23,1
08/29/2018 03:18:22 PM,21,1
08/29/2018 03:18:43 PM,20,1
08/29/2018 03:19:03 PM,23,1
08/29/2018 03:19:23 PM,21,0
08/29/2018 03:19:44 PM,21,0
08/29/2018 03:20:04 PM,19,0
08/29/2018 03:20:25 PM,21,1
08/29/2018 03:20:45 PM,23,1
08/29/2018 03:21:06 PM,21,0
08/29/2018 03:21:26 PM,20,0
08/29/2018 03:21:46 PM,21,1
08/29/2018 03:22:07 PM,23,1
08/29/2018 03:22:27 PM,21,1
08/29/2018 03:22:48 PM,29,0
08/29/2018 03:23:08 PM,25,1
08/29/2018 03:23:29 PM,23,0
08/29/2018 03:23:49 PM,25,1
08/29/2018 03:24:10 PM,23,0
08/29/2018 03:24:30 PM,21,0
08/29/2018 03:24:50 PM,20,0
08/29/2018 03:25:11 PM,25,0
08/29/2018 03:25:31 PM,23,0
08/29/2018 03:25:52 PM,19,1
08/29/2018 03:26:12 PM,23,1
08/29/2018 03:26:33 PM,20,1
08/29/2018 03:26:53 PM,23,0
08/29/2018 03:27:14 PM,21,1
08/29/2018 03:27:34 PM,20,1
08/29/2018 03:27:54 PM,20,1
08/29/2018 03:28:15 PM,21,1
08/29/2018 03:28:35 PM,23,0
08/29/2018 03:28:56 PM,21,1
08/29/2018 03:29:16 PM,21,1
08/29/2018 03:29:37 PM,18,0
08/29/2018 03:29:57 PM,21,1
08/29/2018 03:30:18 PM,21,1
08/29/2018 03:30:38 PM,21,1
08/29/2018 03:30:58 PM,20,0
08/29/2018 03:31:19 PM,20,0
08/29/2018 03:31:39 PM,23,0
08/29/2018 03:32:00 PM,20,0
08/29/2018 03:32:20 PM,21,0
08/29/2018 03:32:41 PM,23,0
08/29/2018 03:33:01 PM,20,1
08/29/2018 03:33:22 PM,20,1
08/29/2018 03:33:42 PM,20,1
08/29/2018 03:34:02 PM,21,1
08/29/2018 03:34:23 PM,21,1
08/29/2018 03:34:43 PM,21,1
08/29/2018 03:35:04 PM,19,0
08/29/2018 03:35:24 PM,20,0
08/29/2018 03:35:45 PM,20,0
08/29/2018 03:36:05 PM,19,1
08/29/2018 03:36:25 PM,20,0
08/29/2018 03:36:46 PM,21,1
08/29/2018 03:37:06 PM,21,1
08/29/2018 03:37:27 PM,20,1
08/29/2018 03:37:47 PM,33,1
08/29/2018 03:38:08 PM,62,1
08/29/2018 03:38:28 PM,107,0
08/29/2018 03:38:49 PM,151,0
08/29/2018 03:39:09 PM,194,0
08/29/2018 03:39:29 PM,196,0
08/29/2018 03:39:50 PM,246,0
08/29/2018 03:40:10 PM,262,1
08/29/2018 03:40:31 PM,243,0
08/29/2018 03:40:51 PM,263,0
08/29/2018 03:41:12 PM,268,0
08/29/2018 03:41:32 PM,258,0
08/29/2018 03:41:53 PM,310,1
08/29/2018 03:42:13 PM,334,1
08/29/2018 03:42:33 PM,294,1
08/29/2018 03:42:54 PM,319,0
08/29/2018 03:43:14 PM,337,1
08/29/2018 03:43:35 PM,318,1
08/29/2018 03:43:55 PM,305,0
08/29/2018 03:44:16 PM,297,1
08/29/2018 03:44:36 PM,299,1
08/29/2018 03:44:57 PM,307,1
08/29/2018 03:45:17 PM,346,0
08/29/2018 03:45:37 PM,326,1
08/29/2018 03:45:58 PM,354,0
08/29/2018 03:46:18 PM,379,1
08/29/2018 03:46:39 PM,383,1
08/29/2018 03:46:59 PM,389,0
08/29/2018 03:47:20 PM,437,0
08/29/2018 03:47:40 PM,444,1
08/29/2018 03:48:01 PM,426,0
08/29/2018 03:48:21 PM,476,0
08/29/2018 03:48:41 PM,455,0
08/29/2018 03:49:02 PM,391,1
08/29/2018 03:49:22 PM,361,0
08/29/2018 03:49:43 PM,357,0
08/29/2018 03:50:03 PM,362,0
08/29/2018 03:50:24 PM,318,0
08/29/2018 03:50:44 PM,295,0
08/29/2018 03:51:04 PM,279,1
08/29/2018 03:51:25 PM,265,1
08/29/2018 03:51:45 PM,246,0
08/29/2018 03:52:06 PM,247,1
08/29/2018 03:52:26 PM,240,1
08/29/2018 03:52:47 PM,245,1
08/29/2018 03:53:07 PM,227,0
08/29/2018 03:53:28 PM,225,0
08/29/2018 03:53:48 PM,254,1
08/29/2018 03:54:08 PM,210,0
08/29/2018 03:54:29 PM,213,0
08/29/2018 03:54:49 PM,205,0
08/29/2018 03:55:10 PM,195,1
08/29/2018 03:55:30 PM,177,1
08/29/2018 03:55:51 PM,177,1
08/29/2018 03:56:11 PM,160,1
08/29/2018 03:56:32 PM,159,0
08/29/2018 03:56:52 PM,168,1
08/29/2018 03:57:12 PM,153,1
08/29/2018 03:57:33 PM,162,0
08/29/2018 03:57:53 PM,177,1
08/29/2018 03:58:14 PM,161,1
08/29/2018 03:58:34 PM,165,1
08/29/2018 03:58:55 PM,141,0
08/29/2018 03:59:15 PM,159,1
08/29/2018 03:59:36 PM,140,0
08/29/2018 03:59:56 PM,147,0
08/29/2018 04:00:16 PM,139,0
08/29/2018 04:00:37 PM,142,0
08/29/2018 04:00:57 PM,143,0
08/29/2018 04:01:18 PM,134,0
08/29/2018 04:01:38 PM,139,0
08/29/2018 04:01:59 PM,145,0
08/29/2018 04:02:19 PM,180,0
08/29/2018 04:02:40 PM,138,0
08/29/2018 04:03:00 PM,146,0
08/29/2018 04:03:20 PM,138,1
08/29/2018 04:03:41 PM,148,1
08/29/2018 04:04:01 PM,133,0
08/29/2018 04:04:22 PM,134,0
08/29/2018 04:04:42 PM,164,1
08/29/2018 04:05:03 PM,136,0
08/29/2018 04:05:23 PM,128,0
08/29/2018 04:05:44 PM,135,0
08/29/2018 04:06:04 PM,123,0
08/29/2018 04:06:24 PM,119,1
08/29/2018 04:06:45 PM,107,1
08/29/2018 04:07:05 PM,107,1
08/29/2018 04:07:26 PM,108,1
08/29/2018 04:07:46 PM,104,1
08/29/2018 04:08:07 PM,113,0
08/29/2018 04:08:27 PM,98,0
08/29/2018 04:08:47 PM,209,0
08/29/2018 04:09:08 PM,117,0
08/29/2018 04:09:28 PM,94,1
08/29/2018 04:09:49 PM,158,0
08/29/2018 04:10:09 PM,91,0
08/29/2018 04:10:30 PM,118,0
08/29/2018 04:10:50 PM,99,1
08/29/2018 04:11:11 PM,104,1
08/29/2018 04:11:31 PM,116,1
08/29/2018 04:11:51 PM,109,0
08/29/2018 04:12:12 PM,108,1
08/29/2018 04:12:32 PM,104,0
08/29/2018 04:12:53 PM,101,0
08/29/2018 04:13:13 PM,97,0
08/29/2018 04:13:34 PM,100,0
08/29/2018 04:13:54 PM,93,0
08/29/2018 04:14:15 PM,98,0
08/29/2018 04:14:35 PM,119,0
08/29/2018 04:14:55 PM,82,0
08/29/2018 04:15:16 PM,79,0
08/29/2018 04:15:36 PM,82,0
08/29/2018 04:15:57 PM,73,0
08/29/2018 04:16:17 PM,89,0
08/29/2018 04:16:38 PM,89,0
08/29/2018 04:16:58 PM,75,1
08/29/2018 04:17:19 PM,74,1
08/29/2018 04:17:39 PM,78,1
08/29/2018 04:17:59 PM,84,1
08/29/2018 04:18:20 PM,105,1
08/29/2018 04:18:40 PM,77,0
08/29/2018 04:19:01 PM,82,1
08/29/2018 04:19:21 PM,85,1
08/29/2018 04:19:42 PM,103,0
08/29/2018 04:20:02 PM,80,0
08/29/2018 04:20:23 PM,81,0
08/29/2018 04:20:43 PM,80,0
08/29/2018 04:21:03 PM,67,0
08/29/2018 04:21:24 PM,72,0
08/29/2018 04:21:44 PM,68,0
08/29/2018 04:22:05 PM,81,0
08/29/2018 04:22:25 PM,68,0
08/29/2018 04:22:46 PM,61,0
08/29/2018 04:23:06 PM,54,1
08/29/2018 04:23:26 PM,77,1
08/29/2018 04:23:47 PM,54,0
08/29/2018 04:24:07 PM,58,0
08/29/2018 04:24:28 PM,54,1
08/29/2018 04:24:48 PM,51,0
08/29/2018 04:25:09 PM,50,0
08/29/2018 04:25:29 PM,48,0
08/29/2018 04:25:50 PM,51,0
08/29/2018 04:26:10 PM,45,0
08/29/2018 04:26:30 PM,48,0
08/29/2018 04:26:51 PM,50,0
08/29/2018 04:27:11 PM,48,1
08/29/2018 04:27:32 PM,43,1
08/29/2018 04:27:52 PM,40,0
08/29/2018 04:28:13 PM,41,1
08/29/2018 04:28:33 PM,40,1
08/29/2018 04:28:54 PM,43,0
08/29/2018 04:29:14 PM,35,0
08/29/2018 04:29:34 PM,38,0
08/29/2018 04:29:55 PM,40,0
08/29/2018 04:30:15 PM,36,1
08/29/2018 04:30:36 PM,35,1
08/29/2018 04:30:56 PM,35,1
08/29/2018 04:31:17 PM,35,1
08/29/2018 04:31:37 PM,35,1
08/29/2018 04:31:58 PM,34,1
08/29/2018 04:32:18 PM,33,0
08/29/2018 04:32:38 PM,32,0
08/29/2018 04:32:59 PM,35,0
08/29/2018 04:33:19 PM,34,1
08/29/2018 04:33:40 PM,32,1
08/29/2018 04:34:00 PM,31,1
08/29/2018 04:34:21 PM,32,0
08/29/2018 04:34:41 PM,33,0
08/29/2018 04:35:02 PM,31,0
08/29/2018 04:35:22 PM,30,0
08/29/2018 04:35:42 PM,28,1
08/29/2018 04:36:03 PM,29,1
08/29/2018 04:36:23 PM,31,0
08/29/2018 04:36:44 PM,30,0
08/29/2018 04:37:04 PM,29,0
08/29/2018 04:37:25 PM,30,1
08/29/2018 04:37:45 PM,29,0
08/29/2018 04:38:05 PM,29,0
08/29/2018 04:38:26 PM,32,1
08/29/2018 04:38:46 PM,29,0
08/29/2018 04:39:07 PM,30,0
08/29/2018 04:39:27 PM,30,1
08/29/2018 04:39:48 PM,31,1
08/29/2018 04:40:08 PM,29,0
08/29/2018 04:40:29 PM,28,1
08/29/2018 04:40:49 PM,26,1
08/29/2018 04:41:09 PM,31,0
08/29/2018 04:41:30 PM,28,0
08/29/2018 04:41:50 PM,29,0
08/29/2018 04:42:11 PM,30,0
08/29/2018 04:42:31 PM,27,0
08/29/2018 04:42:52 PM,26,1
08/29/2018 04:43:12 PM,27,1
08/29/2018 04:43:33 PM,28,1
08/29/2018 04:43:53 PM,27,0
08/29/2018 04:44:13 PM,26,0
08/29/2018 04:44:34 PM,23,1
08/29/2018 04:44:54 PM,28,1
08/29/2018 04:45:15 PM,25,0
08/29/2018 04:45:35 PM,27,0
08/29/2018 04:45:56 PM,25,1
08/29/2018 04:46:16 PM,26,0
08/29/2018 04:46:37 PM,24,0
08/29/2018 04:46:57 PM,27,1
08/29/2018 04:47:17 PM,24,0
08/29/2018 04:47:38 PM,26,0
08/29/2018 04:47:58 PM,26,0
08/29/2018 04:48:19 PM,25,0
08/29/2018 04:48:39 PM,28,0
08/29/2018 04:49:00 PM,30,1
08/29/2018 04:49:20 PM,25,1
08/29/2018 04:49:41 PM,24,0
08/29/2018 04:50:01 PM,26,0
08/29/2018 04:50:21 PM,29,0
08/29/2018 04:50:42 PM,27,0
08/29/2018 04:51:02 PM,25,1
08/29/2018 04:51:23 PM,24,1
08/29/2018 04:51:43 PM,25,0
08/29/2018 04:52:04 PM,25,0
08/29/2018 04:52:24 PM,25,0
08/29/2018 04:52:44 PM,25,1
08/29/2018 04:53:05 PM,26,0
08/29/2018 04:53:25 PM,23,0
08/29/2018 04:53:46 PM,23,0
08/29/2018 04:54:06 PM,24,1
08/29/2018 04:54:27 PM,23,0
08/29/2018 04:54:47 PM,26,1
08/29/2018 04:55:08 PM,21,1
08/29/2018 04:55:28 PM,20,1
08/29/2018 04:55:48 PM,24,1
08/29/2018 04:56:09 PM,23,1
08/29/2018 04:56:29 PM,23,1
08/29/2018 04:56:50 PM,24,0
08/29/2018 04:57:10 PM,25,0
08/29/2018 04:57:31 PM,25,0
08/29/2018 04:57:51 PM,25,0
08/29/2018 04:58:12 PM,25,0
08/29/2018 04:58:32 PM,25,1
08/29/2018 04:58:52 PM,24,0
08/29/2018 04:59:13 PM,24,1
08/29/2018 04:59:33 PM,24,0
08/29/2018 04:59:54 PM,25,0
08/29/2018 05:00:14 PM,21,1
08/29/2018 05:00:35 PM,25,1
08/29/2018 05:00:55 PM,25,1
08/29/2018 05:01:16 PM,24,0
08/29/2018 05:01:36 PM,24,0
08/29/2018 05:01:56 PM,21,0
08/29/2018 05:02:17 PM,24,0
08/29/2018 05:02:37 PM,24,1
08/29/2018 05:02:58 PM,24,1
08/29/2018 05:03:18 PM,23,1
08/29/2018 05:03:39 PM,23,1
08/29/2018 05:03:59 PM,26,1
08/29/2018 05:04:20 PM,20,0
08/29/2018 05:04:40 PM,23,1
08/29/2018 05:05:00 PM,23,0
08/29/2018 05:05:21 PM,23,0
08/29/2018 05:05:41 PM,23,1
08/29/2018 05:06:02 PM,21,1
08/29/2018 05:06:22 PM,21,0
08/29/2018 05:06:43 PM,23,1
08/29/2018 05:07:03 PM,23,1
08/29/2018 05:07:24 PM,24,0
08/29/2018 05:07:44 PM,23,0
08/29/2018 05:08:04 PM,23,0
08/29/2018 05:08:25 PM,23,1
08/29/2018 05:08:45 PM,20,1
08/29/2018 05:09:06 PM,21,0
08/29/2018 05:09:26 PM,24,0
08/29/2018 05:09:47 PM,32,1
08/29/2018 05:10:07 PM,23,1
08/29/2018 05:10:27 PM,23,1
08/29/2018 05:10:48 PM,20,1
08/29/2018 05:11:08 PM,23,0
08/29/2018 05:11:29 PM,24,1
08/29/2018 05:11:49 PM,20,1
08/29/2018 05:12:10 PM,21,0
08/29/2018 05:12:30 PM,21,0
08/29/2018 05:12:51 PM,23,0
08/29/2018 05:13:11 PM,20,0
08/29/2018 05:13:31 PM,21,1
08/29/2018 05:13:52 PM,21,1
08/29/2018 05:14:12 PM,20,0
08/29/2018 05:14:33 PM,21,1
08/29/2018 05:14:53 PM,21,0
08/29/2018 05:15:14 PM,21,1
08/29/2018 05:15:34 PM,21,1
08/29/2018 05:15:55 PM,21,0
08/29/2018 05:16:15 PM,23,0
08/29/2018 05:16:35 PM,21,1
08/29/2018 05:16:56 PM,20,0
08/29/2018 05:17:16 PM,23,0
08/29/2018 05:17:37 PM,21,0
08/29/2018 05:17:57 PM,21,0
08/29/2018 05:18:18 PM,19,0
08/29/2018 05:18:38 PM,21,0
08/29/2018 05:18:59 PM,20,0
08/29/2018 05:19:19 PM,19,1
08/29/2018 05:19:39 PM,18,0
08/29/2018 05:20:00 PM,24,0
08/29/2018 05:20:20 PM,20,0
08/29/2018 05:20:41 PM,19,0
08/29/2018 05:21:01 PM,21,0
08/29/2018 05:21:22 PM,20,0
08/29/2018 05:21:42 PM,23,0
08/29/2018 05:22:03 PM,20,1
08/29/2018 05:22:23 PM,21,1
08/29/2018 05:22:43 PM,19,0
08/29/2018 05:23:04 PM,18,1
08/29/2018 05:23:24 PM,21,0
08/29/2018 05:23:45 PM,20,0
08/29/2018 05:24:05 PM,20,0
08/29/2018 05:24:26 PM,24,0
08/29/2018 05:24:46 PM,20,0
08/29/2018 05:25:06 PM,20,1
08/29/2018 05:25:27 PM,20,1
08/29/2018 05:25:47 PM,21,0
08/29/2018 05:26:08 PM,20,0
08/29/2018 05:26:28 PM,20,0
08/29/2018 05:26:49 PM,19,1
08/29/2018 05:27:09 PM,21,0
08/29/2018 05:27:30 PM,20,1
08/29/2018 05:27:50 PM,21,1
08/29/2018 05:28:10 PM,19,1
08/29/2018 05:28:31 PM,20,1
08/29/2018 05:28:51 PM,23,1
08/29/2018 05:29:12 PM,19,1
08/29/2018 05:29:32 PM,26,0
08/29/2018 05:29:53 PM,24,0
08/29/2018 05:30:13 PM,19,0
08/29/2018 05:30:34 PM,23,0
08/29/2018 05:30:54 PM,19,1
08/29/2018 05:31:14 PM,21,0
08/29/2018 05:31:35 PM,23,0
08/29/2018 05:31:55 PM,20,1
08/29/2018 05:32:16 PM,24,1
08/29/2018 05:32:36 PM,24,1
08/29/2018 05:32:57 PM,20,1
08/29/2018 05:33:17 PM,19,0
08/29/2018 05:33:38 PM,20,0
08/29/2018 05:33:58 PM,19,1
08/29/2018 05:34:18 PM,18,1
08/29/2018 05:34:39 PM,19,1
08/29/2018 05:34:59 PM,25,1
08/29/2018 05:35:20 PM,19,1
08/29/2018 05:35:40 PM,19,1
08/29/2018 05:36:01 PM,19,0
08/29/2018 05:36:21 PM,20,1
08/29/2018 05:36:42 PM,27,1
08/29/2018 05:37:02 PM,20,0
08/29/2018 05:37:22 PM,24,0
08/29/2018 05:37:43 PM,19,0
08/29/2018 05:38:03 PM,21,1
08/29/2018 05:38:24 PM,19,1
08/29/2018 05:38:44 PM,18,1
08/29/2018 05:39:05 PM,20,1
08/29/2018 05:39:25 PM,18,1
08/29/2018 05:39:45 PM,20,1
08/29/2018 05:40:06 PM,21,1
08/29/2018 05:40:26 PM,18,0
08/29/2018 05:40:47 PM,17,1
08/29/2018 05:41:07 PM,18,1
08/29/2018 05:41:28 PM,27,0
08/29/2018 05:41:48 PM,20,0
08/29/2018 05:42:09 PM,20,0
08/29/2018 05:42:29 PM,20,1
08/29/2018 05:42:49 PM,20,1
08/29/2018 05:43:10 PM,19,0
08/29/2018 05:43:30 PM,19,0
08/29/2018 05:43:51 PM,20,0
08/29/2018 05:44:11 PM,19,1
08/29/2018 05:44:32 PM,18,1
08/29/2018 05:44:52 PM,19,1
08/29/2018 05:45:13 PM,20,1
08/29/2018 05:45:33 PM,19,1
08/29/2018 05:45:53 PM,20,0
08/29/2018 05:46:14 PM,18,0
08/29/2018 05:46:34 PM,21,1
08/29/2018 05:46:55 PM,18,0
08/29/2018 05:47:15 PM,18,1
08/29/2018 05:47:36 PM,21,0
08/29/2018 05:47:56 PM,18,0
08/29/2018 05:48:17 PM,18,1
08/29/2018 05:48:37 PM,18,0
08/29/2018 05:48:57 PM,19,1
08/29/2018 05:49:18 PM,19,1
08/29/2018 05:49:38 PM,19,0
08/29/2018 05:49:59 PM,20,1
08/29/2018 05:50:19 PM,18,0
08/29/2018 05:50:40 PM,18,1
08/29/2018 05:51:00 PM,20,1
08/29/2018 05:51:21 PM,18,0
08/29/2018 05:51:41 PM,17,1
08/29/2018 05:52:01 PM,21,1
08/29/2018 05:52:22 PM,19,0
08/29/2018 05:52:42 PM,20,0
08/29/2018 05:53:03 PM,20,0
08/29/2018 05:53:23 PM,30,0
08/29/2018 05:53:44 PM,39,1
08/29/2018 05:54:04 PM,39,0
08/29/2018 05:54:25 PM,40,0
08/29/2018 05:54:45 PM,51,0
08/29/2018 05:55:05 PM,41,1
08/29/2018 05:55:26 PM,43,0
08/29/2018 05:55:46 PM,59,1
08/29/2018 05:56:07 PM,65,0
08/29/2018 05:56:27 PM,72,0
08/29/2018 05:56:48 PM,85,1
08/29/2018 05:57:08 PM,98,0
08/29/2018 05:57:28 PM,125,0
08/29/2018 05:57:49 PM,130,0
08/29/2018 05:58:09 PM,147,0
08/29/2018 05:58:30 PM,150,1
08/29/2018 05:58:50 PM,146,0
08/29/2018 05:59:11 PM,140,0
08/29/2018 05:59:31 PM,149,0
08/29/2018 05:59:52 PM,157,0
08/29/2018 06:00:12 PM,137,0
08/29/2018 06:00:32 PM,126,0
08/29/2018 06:00:53 PM,124,1
08/29/2018 06:01:13 PM,117,0
08/29/2018 06:01:34 PM,117,0
08/29/2018 06:01:54 PM,134,1
08/29/2018 06:02:15 PM,148,0
08/29/2018 06:02:35 PM,168,1
08/29/2018 06:02:56 PM,237,1
08/29/2018 06:03:16 PM,233,0
08/29/2018 06:03:36 PM,255,1
08/29/2018 06:03:57 PM,276,0
08/29/2018 06:04:17 PM,218,1
08/29/2018 06:04:38 PM,202,0
08/29/2018 06:04:58 PM,213,1
08/29/2018 06:05:19 PM,197,1
08/29/2018 06:05:39 PM,237,0
08/29/2018 06:06:00 PM,190,1
08/29/2018 06:06:20 PM,412,1
08/29/2018 06:06:40 PM,210,1
08/29/2018 06:07:01 PM,202,1
08/29/2018 06:07:21 PM,239,1
08/29/2018 06:07:42 PM,632,1
08/29/2018 06:08:02 PM,247,0
08/29/2018 06:08:23 PM,282,0
08/29/2018 06:08:43 PM,245,0
08/29/2018 06:09:04 PM,265,1
08/29/2018 06:09:24 PM,257,0
08/29/2018 06:09:44 PM,218,1
08/29/2018 06:10:05 PM,206,1
08/29/2018 06:10:25 PM,215,0
08/29/2018 06:10:46 PM,185,1
08/29/2018 06:11:06 PM,184,1
08/29/2018 06:11:27 PM,172,0
08/29/2018 06:11:47 PM,171,1
08/29/2018 06:12:07 PM,160,0
08/29/2018 06:12:28 PM,159,0
08/29/2018 06:12:48 PM,144,1
08/29/2018 06:13:09 PM,135,1
08/29/2018 06:13:29 PM,142,0
08/29/2018 06:13:50 PM,122,0
08/29/2018 06:14:10 PM,123,0
08/29/2018 06:14:31 PM,123,0
08/29/2018 06:14:51 PM,115,0
08/29/2018 06:15:11 PM,158,0
08/29/2018 06:15:32 PM,115,0
08/29/2018 06:15:52 PM,125,1
08/29/2018 06:16:13 PM,135,1
08/29/2018 06:16:33 PM,125,1
08/29/2018 06:16:54 PM,121,0
08/29/2018 06:17:14 PM,124,1
08/29/2018 06:17:35 PM,122,1
08/29/2018 06:17:55 PM,116,0
08/29/2018 06:18:15 PM,119,1
08/29/2018 06:18:36 PM,115,1
08/29/2018 06:18:56 PM,116,0
08/29/2018 06:19:17 PM,145,0
08/29/2018 06:19:37 PM,150,0
08/29/2018 06:19:58 PM,118,1
08/29/2018 06:20:18 PM,150,1
08/29/2018 06:20:39 PM,121,1
08/29/2018 06:20:59 PM,116,1
08/29/2018 06:21:19 PM,112,1
08/29/2018 06:21:40 PM,146,1
08/29/2018 06:22:00 PM,162,0
08/29/2018 06:22:21 PM,192,0
08/29/2018 06:22:41 PM,141,1
08/29/2018 06:23:02 PM,167,0
08/29/2018 06:23:22 PM,201,1
08/29/2018 06:23:43 PM,204,0
08/29/2018 06:24:03 PM,142,0
08/29/2018 06:24:23 PM,161,0
08/29/2018 06:24:44 PM,159,0
08/29/2018 06:25:04 PM,162,1
08/29/2018 06:25:25 PM,179,1
08/29/2018 06:25:45 PM,313,0
08/29/2018 06:26:06 PM,178,1
08/29/2018 06:26:26 PM,294,1
08/29/2018 06:26:46 PM,598,0
08/29/2018 06:27:07 PM,583,0
08/29/2018 06:27:27 PM,214,1
08/29/2018 06:27:48 PM,259,0
08/29/2018 06:28:08 PM,216,0
08/29/2018 06:28:29 PM,210,1
08/29/2018 06:28:49 PM,168,1
08/29/2018 06:29:10 PM,248,0
08/29/2018 06:29:30 PM,161,0
08/29/2018 06:29:50 PM,148,1
08/29/2018 06:30:11 PM,194,1
08/29/2018 06:30:31 PM,281,0
08/29/2018 06:30:52 PM,335,1
08/29/2018 06:31:12 PM,648,0
08/29/2018 06:31:33 PM,294,0
08/29/2018 06:31:53 PM,295,0
08/29/2018 06:32:14 PM,289,0
08/29/2018 06:32:34 PM,341,0
08/29/2018 06:32:54 PM,276,0
08/29/2018 06:33:15 PM,555,0
08/29/2018 06:33:35 PM,483,1
08/29/2018 06:33:56 PM,487,1
08/29/2018 06:34:16 PM,326,0
08/29/2018 06:34:37 PM,509,0
08/29/2018 06:34:57 PM,475,0
08/29/2018 06:35:18 PM,505,0
08/29/2018 06:35:38 PM,423,1
08/29/2018 06:35:58 PM,579,1
08/29/2018 06:36:19 PM,362,0
08/29/2018 06:36:39 PM,443,0
08/29/2018 06:37:00 PM,301,0
08/29/2018 06:37:20 PM,221,0
08/29/2018 06:37:41 PM,329,0
08/29/2018 06:38:01 PM,314,1
08/29/2018 06:38:22 PM,212,1
08/29/2018 06:38:42 PM,147,0
08/29/2018 06:39:02 PM,163,0
08/29/2018 06:39:23 PM,165,1
08/29/2018 06:39:43 PM,208,0
08/29/2018 06:40:04 PM,166,0
08/29/2018 06:40:24 PM,126,0
08/29/2018 06:40:45 PM,145,0
08/29/2018 06:41:05 PM,107,1
08/29/2018 06:41:25 PM,124,0
08/29/2018 06:41:46 PM,103,0
08/29/2018 06:42:06 PM,99,0
08/29/2018 06:42:27 PM,92,0
08/29/2018 06:42:47 PM,102,1
08/29/2018 06:43:08 PM,94,1
08/29/2018 06:43:28 PM,96,1
08/29/2018 06:43:49 PM,83,0
08/29/2018 06:44:09 PM,82,0
08/29/2018 06:44:29 PM,97,0
08/29/2018 06:44:50 PM,74,0
08/29/2018 06:45:10 PM,74,0
08/29/2018 06:45:31 PM,73,1
08/29/2018 06:45:51 PM,71,1
08/29/2018 06:46:12 PM,69,0
08/29/2018 06:46:32 PM,76,0
08/29/2018 06:46:53 PM,70,0
08/29/2018 06:47:13 PM,65,1
08/29/2018 06:47:33 PM,65,0
08/29/2018 06:47:54 PM,63,0
08/29/2018 06:48:14 PM,62,0
08/29/2018 06:48:35 PM,55,1
08/29/2018 06:48:55 PM,60,0
08/29/2018 06:49:16 PM,65,1
08/29/2018 06:49:36 PM,68,0
08/29/2018 06:49:57 PM,61,1
08/29/2018 06:50:17 PM,61,1
08/29/2018 06:50:37 PM,56,0
08/29/2018 06:50:58 PM,57,0
08/29/2018 06:51:18 PM,53,0
08/29/2018 06:51:39 PM,55,1
08/29/2018 06:51:59 PM,49,1
08/29/2018 06:52:20 PM,51,0
08/29/2018 06:52:40 PM,51,0
08/29/2018 06:53:01 PM,58,0
08/29/2018 06:53:21 PM,47,0
08/29/2018 06:53:41 PM,47,0
08/29/2018 06:54:02 PM,53,0
08/29/2018 06:54:22 PM,46,0
08/29/2018 06:54:43 PM,46,0
08/29/2018 06:55:03 PM,43,0
08/29/2018 06:55:24 PM,45,0
08/29/2018 06:55:44 PM,43,1
08/29/2018 06:56:05 PM,49,1
08/29/2018 06:56:25 PM,51,1
08/29/2018 06:56:45 PM,43,1
08/29/2018 06:57:06 PM,42,0
08/29/2018 06:57:26 PM,42,1
08/29/2018 06:57:47 PM,45,1
08/29/2018 06:58:07 PM,39,0
08/29/2018 06:58:28 PM,42,1
08/29/2018 06:58:48 PM,38,1
08/29/2018 06:59:08 PM,41,0
08/29/2018 06:59:29 PM,41,0
08/29/2018 06:59:49 PM,39,1
08/29/2018 07:00:10 PM,33,0
08/29/2018 07:00:30 PM,37,1
08/29/2018 07:00:51 PM,41,1
08/29/2018 07:01:11 PM,40,1
08/29/2018 07:01:32 PM,36,0
08/29/2018 07:01:52 PM,34,1
08/29/2018 07:02:12 PM,34,1
08/29/2018 07:02:33 PM,39,1
08/29/2018 07:02:53 PM,34,0
08/29/2018 07:03:14 PM,33,0
08/29/2018 07:03:34 PM,36,0
08/29/2018 07:03:55 PM,34,1
08/29/2018 07:04:15 PM,34,0
08/29/2018 07:04:36 PM,35,0
08/29/2018 07:04:56 PM,36,0
08/29/2018 07:05:16 PM,33,0
08/29/2018 07:05:37 PM,34,1
08/29/2018 07:05:57 PM,36,1
08/29/2018 07:06:18 PM,32,0
08/29/2018 07:06:38 PM,35,0
08/29/2018 07:06:59 PM,36,1
08/29/2018 07:07:19 PM,37,1
08/29/2018 07:07:40 PM,38,1
08/29/2018 07:08:00 PM,41,0
08/29/2018 07:08:20 PM,36,1
08/29/2018 07:08:41 PM,36,0
08/29/2018 07:09:01 PM,30,1
08/29/2018 07:09:22 PM,30,1
08/29/2018 07:09:42 PM,31,1
08/29/2018 07:10:03 PM,29,1
08/29/2018 07:10:23 PM,25,1
08/29/2018 07:10:44 PM,33,0
08/29/2018 07:11:04 PM,30,1
08/29/2018 07:11:24 PM,38,1
08/29/2018 07:11:45 PM,1162,1
08/29/2018 07:12:05 PM,414,1
08/29/2018 07:12:26 PM,112,1
08/29/2018 07:12:46 PM,758,1
08/29/2018 07:13:07 PM,73,1
08/29/2018 07:13:27 PM,40,1
08/29/2018 07:13:47 PM,45,1
08/29/2018 07:14:08 PM,48,1
08/29/2018 07:14:28 PM,235,1
08/29/2018 07:14:49 PM,129,0
08/29/2018 07:15:09 PM,40,0
08/29/2018 07:15:30 PM,30,1
08/29/2018 07:15:50 PM,19,1
08/29/2018 07:16:11 PM,17,1
08/29/2018 07:16:31 PM,18,1
08/29/2018 07:16:51 PM,37,1
08/29/2018 07:17:12 PM,18,1
08/29/2018 07:17:32 PM,19,1
08/29/2018 07:17:53 PM,17,1
08/29/2018 07:18:13 PM,14,1
08/29/2018 07:18:34 PM,17,1
08/29/2018 07:18:54 PM,17,1
08/29/2018 07:19:15 PM,15,1
08/29/2018 07:19:35 PM,13,1
08/29/2018 07:19:55 PM,17,1
08/29/2018 07:20:16 PM,16,1
08/29/2018 07:20:36 PM,17,1
08/29/2018 07:20:57 PM,13,1
08/29/2018 07:21:17 PM,15,1
08/29/2018 07:21:38 PM,24,1
08/29/2018 07:21:58 PM,17,0
08/29/2018 07:22:19 PM,18,1
08/29/2018 07:22:39 PM,16,0
08/29/2018 07:22:59 PM,15,0
08/29/2018 07:23:20 PM,14,0
08/29/2018 07:23:40 PM,10,0
08/29/2018 07:24:01 PM,14,1
08/29/2018 07:24:21 PM,17,1
08/29/2018 07:24:42 PM,15,1
08/29/2018 07:25:02 PM,13,1
08/29/2018 07:25:23 PM,16,1
08/29/2018 07:25:43 PM,12,0
