Device Serial Number: ,73
Device firmware: ,2
Device PM slope: ,0.945
Device PM offset: ,-347
Device vibration threshold: ,10

Time Zone: UTC ,-7
Time format:,MM/DD/YYYY 12H
Mission start date: ,08/29/2018 09:25:00 AM
Mission end date: ,08/29/2018 07:27:24 PM
Mission log rate: ,20, seconds
Number of sample taken: ,1824
Maximum 40 sample PM level:,375
Minimum 40 sample PM level:,4
Average active PM concentration:,212
Average PM concentration:,124

Time Stamp, PM, compliance
08/29/2018 09:25:00 AM,-4,1
08/29/2018 09:25:19 AM,4,0
08/29/2018 09:25:39 AM,5,1
08/29/2018 09:25:59 AM,3,1
08/29/2018 09:26:19 AM,3,1
08/29/2018 09:26:39 AM,7,1
08/29/2018 09:26:58 AM,3,1
08/29/2018 09:27:18 AM,6,1
08/29/2018 09:27:38 AM,8,1
08/29/2018 09:27:58 AM,7,1
08/29/2018 09:28:18 AM,7,0
08/29/2018 09:28:38 AM,6,1
08/29/2018 09:28:57 AM,5,1
08/29/2018 09:29:17 AM,12,1
08/29/2018 09:29:37 AM,9,0
08/29/2018 09:29:57 AM,9,0
08/29/2018 09:30:17 AM,7,1
08/29/2018 09:30:37 AM,7,0
08/29/2018 09:30:56 AM,8,0
08/29/2018 09:31:16 AM,12,1
08/29/2018 09:31:36 AM,17,1
08/29/2018 09:31:56 AM,11,1
08/29/2018 09:32:16 AM,10,1
08/29/2018 09:32:36 AM,11,1
08/29/2018 09:32:55 AM,15,0
08/29/2018 09:33:15 AM,15,1
08/29/2018 09:33:35 AM,13,0
08/29/2018 09:33:55 AM,14,1
08/29/2018 09:34:15 AM,26,1
08/29/2018 09:34:34 AM,15,1
08/29/2018 09:34:54 AM,17,1
08/29/2018 09:35:14 AM,13,1
08/29/2018 09:35:34 AM,13,1
08/29/2018 09:35:54 AM,13,0
08/29/2018 09:36:14 AM,13,1
08/29/2018 09:36:33 AM,11,1
08/29/2018 09:36:53 AM,15,1
08/29/2018 09:37:13 AM,12,1
08/29/2018 09:37:33 AM,11,1
08/29/2018 09:37:53 AM,15,0
08/29/2018 09:38:13 AM,10,0
08/29/2018 09:38:32 AM,10,0
08/29/2018 09:38:52 AM,13,1
08/29/2018 09:39:12 AM,15,0
08/29/2018 09:39:32 AM,12,0
08/29/2018 09:39:52 AM,11,0
08/29/2018 09:40:12 AM,13,0
08/29/2018 09:40:31 AM,11,0
08/29/2018 09:40:51 AM,13,1
08/29/2018 09:41:11 AM,9,0
08/29/2018 09:41:31 AM,10,1
08/29/2018 09:41:51 AM,9,1
08/29/2018 09:42:11 AM,10,1
08/29/2018 09:42:30 AM,12,1
08/29/2018 09:42:50 AM,10,1
08/29/2018 09:43:10 AM,6,1
08/29/2018 09:43:30 AM,4,0
08/29/2018 09:43:50 AM,2,1
08/29/2018 09:44:09 AM,2,1
08/29/2018 09:44:29 AM,2,1
08/29/2018 09:44:49 AM,1,1
08/29/2018 09:45:09 AM,4,1
08/29/2018 09:45:29 AM,2,1
08/29/2018 09:45:49 AM,1,0
08/29/2018 09:46:08 AM,0,0
08/29/2018 09:46:28 AM,1,0
08/29/2018 09:46:48 AM,1,0
08/29/2018 09:47:08 AM,2,0
08/29/2018 09:47:28 AM,2,1
08/29/2018 09:47:48 AM,2,1
08/29/2018 09:48:07 AM,2,0
08/29/2018 09:48:27 AM,0,0
08/29/2018 09:48:47 AM,1,0
08/29/2018 09:49:07 AM,2,0
08/29/2018 09:49:27 AM,0,0
08/29/2018 09:49:47 AM,0,1
08/29/2018 09:50:06 AM,0,1
08/29/2018 09:50:26 AM,0,0
08/29/2018 09:50:46 AM,0,1
08/29/2018 09:51:06 AM,0,0
08/29/2018 09:51:26 AM,0,0
08/29/2018 09:51:45 AM,0,0
08/29/2018 09:52:05 AM,1,0
08/29/2018 09:52:25 AM,0,0
08/29/2018 09:52:45 AM,0,0
08/29/2018 09:53:05 AM,0,1
08/29/2018 09:53:25 AM,0,1
08/29/2018 09:53:44 AM,0,0
08/29/2018 09:54:04 AM,1,0
08/29/2018 09:54:24 AM,0,0
08/29/2018 09:54:44 AM,0,0
08/29/2018 09:55:04 AM,1,0
08/29/2018 09:55:24 AM,3,1
08/29/2018 09:55:43 AM,0,1
08/29/2018 09:56:03 AM,1,0
08/29/2018 09:56:23 AM,1,0
08/29/2018 09:56:43 AM,0,0
08/29/2018 09:57:03 AM,-1,0
08/29/2018 09:57:23 AM,0,0
08/29/2018 09:57:42 AM,2,0
08/29/2018 09:58:02 AM,13,0
08/29/2018 09:58:22 AM,27,0
08/29/2018 09:58:42 AM,88,0
08/29/2018 09:59:02 AM,218,0
08/29/2018 09:59:22 AM,330,0
08/29/2018 09:59:41 AM,170,0
08/29/2018 10:00:01 AM,159,0
08/29/2018 10:00:21 AM,169,0
08/29/2018 10:00:41 AM,172,0
08/29/2018 10:01:01 AM,233,0
08/29/2018 10:01:20 AM,146,0
08/29/2018 10:01:40 AM,252,0
08/29/2018 10:02:00 AM,260,0
08/29/2018 10:02:20 AM,385,0
08/29/2018 10:02:40 AM,473,1
08/29/2018 10:03:00 AM,549,0
08/29/2018 10:03:19 AM,521,0
08/29/2018 10:03:39 AM,457,0
08/29/2018 10:03:59 AM,390,0
08/29/2018 10:04:19 AM,333,0
08/29/2018 10:04:39 AM,383,1
08/29/2018 10:04:59 AM,434,0
08/29/2018 10:05:18 AM,355,0
08/29/2018 10:05:38 AM,339,1
08/29/2018 10:05:58 AM,299,1
08/29/2018 10:06:18 AM,273,1
08/29/2018 10:06:38 AM,285,0
08/29/2018 10:06:58 AM,264,0
08/29/2018 10:07:17 AM,257,0
08/29/2018 10:07:37 AM,240,0
08/29/2018 10:07:57 AM,240,0
08/29/2018 10:08:17 AM,239,0
08/29/2018 10:08:37 AM,222,1
08/29/2018 10:08:56 AM,355,0
08/29/2018 10:09:16 AM,247,0
08/29/2018 10:09:36 AM,243,0
08/29/2018 10:09:56 AM,274,1
08/29/2018 10:10:16 AM,286,0
08/29/2018 10:10:36 AM,343,0
08/29/2018 10:10:55 AM,305,0
08/29/2018 10:11:15 AM,280,0
08/29/2018 10:11:35 AM,291,1
08/29/2018 10:11:55 AM,300,0
08/29/2018 10:12:15 AM,229,1
08/29/2018 10:12:35 AM,217,1
08/29/2018 10:12:54 AM,189,0
08/29/2018 10:13:14 AM,240,0
08/29/2018 10:13:34 AM,211,0
08/29/2018 10:13:54 AM,228,1
08/29/2018 10:14:14 AM,214,1
08/29/2018 10:14:34 AM,287,0
08/29/2018 10:14:53 AM,246,1
08/29/2018 10:15:13 AM,262,1
08/29/2018 10:15:33 AM,285,1
08/29/2018 10:15:53 AM,266,1
08/29/2018 10:16:13 AM,295,1
08/29/2018 10:16:33 AM,311,1
08/29/2018 10:16:52 AM,301,1
08/29/2018 10:17:12 AM,250,0
08/29/2018 10:17:32 AM,214,1
08/29/2018 10:17:52 AM,191,1
08/29/2018 10:18:12 AM,195,1
08/29/2018 10:18:31 AM,199,1
08/29/2018 10:18:51 AM,190,1
08/29/2018 10:19:11 AM,179,0
08/29/2018 10:19:31 AM,192,0
08/29/2018 10:19:51 AM,198,0
08/29/2018 10:20:11 AM,209,1
08/29/2018 10:20:30 AM,229,0
08/29/2018 10:20:50 AM,233,0
08/29/2018 10:21:10 AM,235,0
08/29/2018 10:21:30 AM,230,0
08/29/2018 10:21:50 AM,224,1
08/29/2018 10:22:10 AM,236,1
08/29/2018 10:22:29 AM,209,0
08/29/2018 10:22:49 AM,214,0
08/29/2018 10:23:09 AM,203,1
08/29/2018 10:23:29 AM,202,0
08/29/2018 10:23:49 AM,181,0
08/29/2018 10:24:09 AM,195,1
08/29/2018 10:24:28 AM,177,0
08/29/2018 10:24:48 AM,198,1
08/29/2018 10:25:08 AM,199,0
08/29/2018 10:25:28 AM,232,1
08/29/2018 10:25:48 AM,197,0
08/29/2018 10:26:07 AM,197,1
08/29/2018 10:26:27 AM,219,1
08/29/2018 10:26:47 AM,213,0
08/29/2018 10:27:07 AM,185,0
08/29/2018 10:27:27 AM,182,0
08/29/2018 10:27:47 AM,274,0
08/29/2018 10:28:06 AM,283,0
08/29/2018 10:28:26 AM,191,0
08/29/2018 10:28:46 AM,240,0
08/29/2018 10:29:06 AM,193,0
08/29/2018 10:29:26 AM,231,0
08/29/2018 10:29:46 AM,211,0
08/29/2018 10:30:05 AM,255,0
08/29/2018 10:30:25 AM,235,0
08/29/2018 10:30:45 AM,209,0
08/29/2018 10:31:05 AM,240,0
08/29/2018 10:31:25 AM,249,1
08/29/2018 10:31:45 AM,263,1
08/29/2018 10:32:04 AM,279,1
08/29/2018 10:32:24 AM,306,0
08/29/2018 10:32:44 AM,487,0
08/29/2018 10:33:04 AM,429,0
08/29/2018 10:33:24 AM,455,0
08/29/2018 10:33:44 AM,417,0
08/29/2018 10:34:03 AM,378,1
08/29/2018 10:34:23 AM,338,0
08/29/2018 10:34:43 AM,334,0
08/29/2018 10:35:03 AM,299,0
08/29/2018 10:35:23 AM,273,0
08/29/2018 10:35:42 AM,287,0
08/29/2018 10:36:02 AM,275,0
08/29/2018 10:36:22 AM,276,1
08/29/2018 10:36:42 AM,289,1
08/29/2018 10:37:02 AM,284,0
08/29/2018 10:37:22 AM,292,1
08/29/2018 10:37:41 AM,277,0
08/29/2018 10:38:01 AM,257,0
08/29/2018 10:38:21 AM,228,0
08/29/2018 10:38:41 AM,218,0
08/29/2018 10:39:01 AM,217,0
08/29/2018 10:39:21 AM,189,0
08/29/2018 10:39:40 AM,167,0
08/29/2018 10:40:00 AM,151,0
08/29/2018 10:40:20 AM,149,0
08/29/2018 10:40:40 AM,146,0
08/29/2018 10:41:00 AM,135,0
08/29/2018 10:41:20 AM,123,0
08/29/2018 10:41:39 AM,110,0
08/29/2018 10:41:59 AM,122,1
08/29/2018 10:42:19 AM,99,0
08/29/2018 10:42:39 AM,98,0
08/29/2018 10:42:59 AM,90,0
08/29/2018 10:43:18 AM,86,0
08/29/2018 10:43:38 AM,76,0
08/29/2018 10:43:58 AM,77,0
08/29/2018 10:44:18 AM,71,0
08/29/2018 10:44:38 AM,67,0
08/29/2018 10:44:58 AM,73,0
08/29/2018 10:45:17 AM,71,0
08/29/2018 10:45:37 AM,61,0
08/29/2018 10:45:57 AM,56,1
08/29/2018 10:46:17 AM,55,1
08/29/2018 10:46:37 AM,51,0
08/29/2018 10:46:57 AM,52,0
08/29/2018 10:47:16 AM,49,0
08/29/2018 10:47:36 AM,46,0
08/29/2018 10:47:56 AM,47,1
08/29/2018 10:48:16 AM,42,0
08/29/2018 10:48:36 AM,44,0
08/29/2018 10:48:56 AM,39,0
08/29/2018 10:49:15 AM,40,1
08/29/2018 10:49:35 AM,37,1
08/29/2018 10:49:55 AM,36,0
08/29/2018 10:50:15 AM,34,0
08/29/2018 10:50:35 AM,34,0
08/29/2018 10:50:55 AM,34,1
08/29/2018 10:51:14 AM,33,0
08/29/2018 10:51:34 AM,34,0
08/29/2018 10:51:54 AM,31,0
08/29/2018 10:52:14 AM,31,1
08/29/2018 10:52:34 AM,31,0
08/29/2018 10:52:53 AM,29,0
08/29/2018 10:53:13 AM,30,0
08/29/2018 10:53:33 AM,30,0
08/29/2018 10:53:53 AM,30,0
08/29/2018 10:54:13 AM,27,0
08/29/2018 10:54:33 AM,28,0
08/29/2018 10:54:52 AM,25,0
08/29/2018 10:55:12 AM,26,0
08/29/2018 10:55:32 AM,27,0
08/29/2018 10:55:52 AM,33,0
08/29/2018 10:56:12 AM,23,0
08/29/2018 10:56:32 AM,22,0
08/29/2018 10:56:51 AM,25,1
08/29/2018 10:57:11 AM,24,0
08/29/2018 10:57:31 AM,22,0
08/29/2018 10:57:51 AM,22,0
08/29/2018 10:58:11 AM,21,0
08/29/2018 10:58:31 AM,21,0
08/29/2018 10:58:50 AM,21,0
08/29/2018 10:59:10 AM,20,0
08/29/2018 10:59:30 AM,20,1
08/29/2018 10:59:50 AM,21,0
08/29/2018 11:00:10 AM,19,0
08/29/2018 11:00:30 AM,21,0
08/29/2018 11:00:49 AM,20,0
08/29/2018 11:01:09 AM,19,0
08/29/2018 11:01:29 AM,19,0
08/29/2018 11:01:49 AM,17,0
08/29/2018 11:02:09 AM,19,0
08/29/2018 11:02:28 AM,18,0
08/29/2018 11:02:48 AM,20,0
08/29/2018 11:03:08 AM,17,0
08/29/2018 11:03:28 AM,19,0
08/29/2018 11:03:48 AM,17,0
08/29/2018 11:04:08 AM,17,0
08/29/2018 11:04:27 AM,17,0
08/29/2018 11:04:47 AM,17,0
08/29/2018 11:05:07 AM,18,0
08/29/2018 11:05:27 AM,17,0
08/29/2018 11:05:47 AM,17,1
08/29/2018 11:06:07 AM,17,1
08/29/2018 11:06:26 AM,19,0
08/29/2018 11:06:46 AM,19,0
08/29/2018 11:07:06 AM,17,0
08/29/2018 11:07:26 AM,18,0
08/29/2018 11:07:46 AM,17,0
08/29/2018 11:08:06 AM,20,1
08/29/2018 11:08:25 AM,17,1
08/29/2018 11:08:45 AM,18,1
08/29/2018 11:09:05 AM,20,1
08/29/2018 11:09:25 AM,20,1
08/29/2018 11:09:45 AM,19,1
08/29/2018 11:10:04 AM,21,0
08/29/2018 11:10:24 AM,20,1
08/29/2018 11:10:44 AM,18,0
08/29/2018 11:11:04 AM,24,0
08/29/2018 11:11:24 AM,36,0
08/29/2018 11:11:44 AM,36,0
08/29/2018 11:12:03 AM,37,0
08/29/2018 11:12:23 AM,27,0
08/29/2018 11:12:43 AM,32,0
08/29/2018 11:13:03 AM,34,0
08/29/2018 11:13:23 AM,23,1
08/29/2018 11:13:43 AM,24,1
08/29/2018 11:14:02 AM,23,1
08/29/2018 11:14:22 AM,21,1
08/29/2018 11:14:42 AM,22,0
08/29/2018 11:15:02 AM,21,0
08/29/2018 11:15:22 AM,62,0
08/29/2018 11:15:42 AM,22,0
08/29/2018 11:16:01 AM,21,1
08/29/2018 11:16:21 AM,20,1
08/29/2018 11:16:41 AM,20,0
08/29/2018 11:17:01 AM,20,0
08/29/2018 11:17:21 AM,19,0
08/29/2018 11:17:41 AM,18,1
08/29/2018 11:18:00 AM,19,1
08/29/2018 11:18:20 AM,17,0
08/29/2018 11:18:40 AM,22,0
08/29/2018 11:19:00 AM,20,0
08/29/2018 11:19:20 AM,17,1
08/29/2018 11:19:39 AM,19,0
08/29/2018 11:19:59 AM,19,0
08/29/2018 11:20:19 AM,17,0
08/29/2018 11:20:39 AM,26,1
08/29/2018 11:20:59 AM,19,0
08/29/2018 11:21:19 AM,18,1
08/29/2018 11:21:38 AM,20,0
08/29/2018 11:21:58 AM,18,0
08/29/2018 11:22:18 AM,19,0
08/29/2018 11:22:38 AM,18,0
08/29/2018 11:22:58 AM,20,0
08/29/2018 11:23:18 AM,20,0
08/29/2018 11:23:37 AM,18,0
08/29/2018 11:23:57 AM,21,1
08/29/2018 11:24:17 AM,18,1
08/29/2018 11:24:37 AM,27,0
08/29/2018 11:24:57 AM,23,1
08/29/2018 11:25:17 AM,51,1
08/29/2018 11:25:36 AM,19,1
08/29/2018 11:25:56 AM,18,0
08/29/2018 11:26:16 AM,18,0
08/29/2018 11:26:36 AM,17,0
08/29/2018 11:26:56 AM,18,0
08/29/2018 11:27:15 AM,18,1
08/29/2018 11:27:35 AM,22,0
08/29/2018 11:27:55 AM,19,1
08/29/2018 11:28:15 AM,20,0
08/29/2018 11:28:35 AM,29,0
08/29/2018 11:28:55 AM,19,0
08/29/2018 11:29:14 AM,19,0
08/29/2018 11:29:34 AM,20,1
08/29/2018 11:29:54 AM,20,0
08/29/2018 11:30:14 AM,26,0
08/29/2018 11:30:34 AM,20,1
08/29/2018 11:30:54 AM,20,1
08/29/2018 11:31:13 AM,18,1
08/29/2018 11:31:33 AM,20,1
08/29/2018 11:31:53 AM,20,0
08/29/2018 11:32:13 AM,20,0
08/29/2018 11:32:33 AM,25,0
08/29/2018 11:32:53 AM,34,1
08/29/2018 11:33:12 AM,46,0
08/29/2018 11:33:32 AM,164,0
08/29/2018 11:33:52 AM,241,0
08/29/2018 11:34:12 AM,297,0
08/29/2018 11:34:32 AM,427,0
08/29/2018 11:34:52 AM,528,0
08/29/2018 11:35:11 AM,535,1
08/29/2018 11:35:31 AM,461,1
08/29/2018 11:35:51 AM,481,0
08/29/2018 11:36:11 AM,474,0
08/29/2018 11:36:31 AM,450,0
08/29/2018 11:36:50 AM,434,0
08/29/2018 11:37:10 AM,393,0
08/29/2018 11:37:30 AM,379,0
08/29/2018 11:37:50 AM,381,0
08/29/2018 11:38:10 AM,360,0
08/29/2018 11:38:30 AM,344,0
08/29/2018 11:38:49 AM,316,0
08/29/2018 11:39:09 AM,305,0
08/29/2018 11:39:29 AM,305,0
08/29/2018 11:39:49 AM,296,0
08/29/2018 11:40:09 AM,275,0
08/29/2018 11:40:29 AM,258,0
08/29/2018 11:40:48 AM,263,0
08/29/2018 11:41:08 AM,243,0
08/29/2018 11:41:28 AM,236,0
08/29/2018 11:41:48 AM,221,0
08/29/2018 11:42:08 AM,219,1
08/29/2018 11:42:28 AM,202,0
08/29/2018 11:42:47 AM,221,0
08/29/2018 11:43:07 AM,223,0
08/29/2018 11:43:27 AM,211,0
08/29/2018 11:43:47 AM,230,0
08/29/2018 11:44:07 AM,241,1
08/29/2018 11:44:26 AM,257,1
08/29/2018 11:44:46 AM,249,0
08/29/2018 11:45:06 AM,289,0
08/29/2018 11:45:26 AM,259,1
08/29/2018 11:45:46 AM,271,1
08/29/2018 11:46:06 AM,257,0
08/29/2018 11:46:25 AM,279,1
08/29/2018 11:46:45 AM,317,0
08/29/2018 11:47:05 AM,307,0
08/29/2018 11:47:25 AM,310,0
08/29/2018 11:47:45 AM,315,0
08/29/2018 11:48:05 AM,320,0
08/29/2018 11:48:24 AM,361,0
08/29/2018 11:48:44 AM,331,0
08/29/2018 11:49:04 AM,329,0
08/29/2018 11:49:24 AM,361,0
08/29/2018 11:49:44 AM,330,0
08/29/2018 11:50:04 AM,369,0
08/29/2018 11:50:23 AM,351,0
08/29/2018 11:50:43 AM,327,0
08/29/2018 11:51:03 AM,362,0
08/29/2018 11:51:23 AM,342,0
08/29/2018 11:51:43 AM,353,0
08/29/2018 11:52:03 AM,329,0
08/29/2018 11:52:22 AM,325,0
08/29/2018 11:52:42 AM,334,0
08/29/2018 11:53:02 AM,288,0
08/29/2018 11:53:22 AM,296,0
08/29/2018 11:53:42 AM,274,0
08/29/2018 11:54:01 AM,292,0
08/29/2018 11:54:21 AM,330,0
08/29/2018 11:54:41 AM,277,0
08/29/2018 11:55:01 AM,305,1
08/29/2018 11:55:21 AM,294,1
08/29/2018 11:55:41 AM,295,0
08/29/2018 11:56:00 AM,274,1
08/29/2018 11:56:20 AM,261,0
08/29/2018 11:56:40 AM,255,0
08/29/2018 11:57:00 AM,229,0
08/29/2018 11:57:20 AM,239,0
08/29/2018 11:57:40 AM,226,0
08/29/2018 11:57:59 AM,215,0
08/29/2018 11:58:19 AM,215,0
08/29/2018 11:58:39 AM,210,1
08/29/2018 11:58:59 AM,206,1
08/29/2018 11:59:19 AM,211,0
08/29/2018 11:59:39 AM,204,0
08/29/2018 11:59:58 AM,215,0
08/29/2018 12:00:18 PM,223,0
08/29/2018 12:00:38 PM,206,1
08/29/2018 12:00:58 PM,223,0
08/29/2018 12:01:18 PM,223,0
08/29/2018 12:01:37 PM,220,0
08/29/2018 12:01:57 PM,200,0
08/29/2018 12:02:17 PM,184,0
08/29/2018 12:02:37 PM,195,0
08/29/2018 12:02:57 PM,186,0
08/29/2018 12:03:17 PM,185,0
08/29/2018 12:03:36 PM,163,0
08/29/2018 12:03:56 PM,172,0
08/29/2018 12:04:16 PM,157,0
08/29/2018 12:04:36 PM,156,0
08/29/2018 12:04:56 PM,155,0
08/29/2018 12:05:16 PM,149,0
08/29/2018 12:05:35 PM,143,0
08/29/2018 12:05:55 PM,158,0
08/29/2018 12:06:15 PM,162,1
08/29/2018 12:06:35 PM,171,1
08/29/2018 12:06:55 PM,174,0
08/29/2018 12:07:15 PM,196,0
08/29/2018 12:07:34 PM,200,0
08/29/2018 12:07:54 PM,205,1
08/29/2018 12:08:14 PM,260,0
08/29/2018 12:08:34 PM,235,0
08/29/2018 12:08:54 PM,263,0
08/29/2018 12:09:14 PM,176,0
08/29/2018 12:09:33 PM,194,0
08/29/2018 12:09:53 PM,197,0
08/29/2018 12:10:13 PM,189,0
08/29/2018 12:10:33 PM,195,0
08/29/2018 12:10:53 PM,205,1
08/29/2018 12:11:12 PM,195,1
08/29/2018 12:11:32 PM,210,0
08/29/2018 12:11:52 PM,219,1
08/29/2018 12:12:12 PM,223,1
08/29/2018 12:12:32 PM,213,0
08/29/2018 12:12:52 PM,216,0
08/29/2018 12:13:11 PM,210,0
08/29/2018 12:13:31 PM,191,0
08/29/2018 12:13:51 PM,182,0
08/29/2018 12:14:11 PM,186,0
08/29/2018 12:14:31 PM,173,1
08/29/2018 12:14:51 PM,161,0
08/29/2018 12:15:10 PM,148,1
08/29/2018 12:15:30 PM,145,0
08/29/2018 12:15:50 PM,137,0
08/29/2018 12:16:10 PM,127,0
08/29/2018 12:16:30 PM,124,0
08/29/2018 12:16:50 PM,119,0
08/29/2018 12:17:09 PM,109,1
08/29/2018 12:17:29 PM,107,0
08/29/2018 12:17:49 PM,103,1
08/29/2018 12:18:09 PM,103,0
08/29/2018 12:18:29 PM,100,0
08/29/2018 12:18:49 PM,98,0
08/29/2018 12:19:08 PM,89,1
08/29/2018 12:19:28 PM,87,1
08/29/2018 12:19:48 PM,87,0
08/29/2018 12:20:08 PM,81,0
08/29/2018 12:20:28 PM,80,1
08/29/2018 12:20:47 PM,79,1
08/29/2018 12:21:07 PM,77,0
08/29/2018 12:21:27 PM,75,0
08/29/2018 12:21:47 PM,75,0
08/29/2018 12:22:07 PM,69,0
08/29/2018 12:22:27 PM,71,0
08/29/2018 12:22:46 PM,68,0
08/29/2018 12:23:06 PM,65,0
08/29/2018 12:23:26 PM,67,0
08/29/2018 12:23:46 PM,64,0
08/29/2018 12:24:06 PM,65,0
08/29/2018 12:24:26 PM,60,1
08/29/2018 12:24:45 PM,57,0
08/29/2018 12:25:05 PM,60,0
08/29/2018 12:25:25 PM,57,0
08/29/2018 12:25:45 PM,61,0
08/29/2018 12:26:05 PM,56,0
08/29/2018 12:26:25 PM,56,1
08/29/2018 12:26:44 PM,60,0
08/29/2018 12:27:04 PM,55,0
08/29/2018 12:27:24 PM,52,0
08/29/2018 12:27:44 PM,53,0
08/29/2018 12:28:04 PM,54,0
08/29/2018 12:28:23 PM,52,0
08/29/2018 12:28:43 PM,51,0
08/29/2018 12:29:03 PM,51,0
08/29/2018 12:29:23 PM,50,0
08/29/2018 12:29:43 PM,50,0
08/29/2018 12:30:03 PM,51,0
08/29/2018 12:30:22 PM,50,0
08/29/2018 12:30:42 PM,49,0
08/29/2018 12:31:02 PM,49,0
08/29/2018 12:31:22 PM,47,0
08/29/2018 12:31:42 PM,49,1
08/29/2018 12:32:02 PM,47,0
08/29/2018 12:32:21 PM,48,0
08/29/2018 12:32:41 PM,50,0
08/29/2018 12:33:01 PM,48,0
08/29/2018 12:33:21 PM,47,0
08/29/2018 12:33:41 PM,45,0
08/29/2018 12:34:01 PM,45,0
08/29/2018 12:34:20 PM,46,0
08/29/2018 12:34:40 PM,44,0
08/29/2018 12:35:00 PM,45,0
08/29/2018 12:35:20 PM,47,1
08/29/2018 12:35:40 PM,43,1
08/29/2018 12:36:00 PM,47,0
08/29/2018 12:36:19 PM,43,0
08/29/2018 12:36:39 PM,43,0
08/29/2018 12:36:59 PM,43,0
08/29/2018 12:37:19 PM,44,0
08/29/2018 12:37:39 PM,43,0
08/29/2018 12:37:58 PM,43,1
08/29/2018 12:38:18 PM,43,0
08/29/2018 12:38:38 PM,42,0
08/29/2018 12:38:58 PM,41,0
08/29/2018 12:39:18 PM,43,0
08/29/2018 12:39:38 PM,42,0
08/29/2018 12:39:57 PM,41,0
08/29/2018 12:40:17 PM,42,0
08/29/2018 12:40:37 PM,42,0
08/29/2018 12:40:57 PM,52,0
08/29/2018 12:41:17 PM,42,0
08/29/2018 12:41:37 PM,42,1
08/29/2018 12:41:56 PM,40,1
08/29/2018 12:42:16 PM,43,0
08/29/2018 12:42:36 PM,40,0
08/29/2018 12:42:56 PM,42,0
08/29/2018 12:43:16 PM,40,0
08/29/2018 12:43:36 PM,41,0
08/29/2018 12:43:55 PM,41,0
08/29/2018 12:44:15 PM,42,0
08/29/2018 12:44:35 PM,42,0
08/29/2018 12:44:55 PM,42,0
08/29/2018 12:45:15 PM,41,0
08/29/2018 12:45:34 PM,42,1
08/29/2018 12:45:54 PM,43,0
08/29/2018 12:46:14 PM,42,1
08/29/2018 12:46:34 PM,42,1
08/29/2018 12:46:54 PM,41,0
08/29/2018 12:47:14 PM,41,1
08/29/2018 12:47:33 PM,41,1
08/29/2018 12:47:53 PM,41,1
08/29/2018 12:48:13 PM,41,1
08/29/2018 12:48:33 PM,44,1
08/29/2018 12:48:53 PM,41,1
08/29/2018 12:49:13 PM,47,1
08/29/2018 12:49:32 PM,54,0
08/29/2018 12:49:52 PM,42,0
08/29/2018 12:50:12 PM,43,0
08/29/2018 12:50:32 PM,48,0
08/29/2018 12:50:52 PM,49,0
08/29/2018 12:51:12 PM,51,1
08/29/2018 12:51:31 PM,49,1
08/29/2018 12:51:51 PM,44,1
08/29/2018 12:52:11 PM,46,0
08/29/2018 12:52:31 PM,41,0
08/29/2018 12:52:51 PM,41,1
08/29/2018 12:53:11 PM,48,1
08/29/2018 12:53:30 PM,49,1
08/29/2018 12:53:50 PM,124,1
08/29/2018 12:54:10 PM,43,0
08/29/2018 12:54:30 PM,42,0
08/29/2018 12:54:50 PM,51,1
08/29/2018 12:55:09 PM,43,1
08/29/2018 12:55:29 PM,41,0
08/29/2018 12:55:49 PM,41,1
08/29/2018 12:56:09 PM,41,1
08/29/2018 12:56:29 PM,40,1
08/29/2018 12:56:49 PM,41,1
08/29/2018 12:57:08 PM,41,0
08/29/2018 12:57:28 PM,41,1
08/29/2018 12:57:48 PM,41,0
08/29/2018 12:58:08 PM,39,1
08/29/2018 12:58:28 PM,44,0
08/29/2018 12:58:48 PM,41,1
08/29/2018 12:59:07 PM,38,0
08/29/2018 12:59:27 PM,40,0
08/29/2018 12:59:47 PM,41,0
08/29/2018 01:00:07 PM,47,0
08/29/2018 01:00:27 PM,39,0
08/29/2018 01:00:47 PM,40,0
08/29/2018 01:01:06 PM,42,1
08/29/2018 01:01:26 PM,38,0
08/29/2018 01:01:46 PM,43,0
08/29/2018 01:02:06 PM,39,0
08/29/2018 01:02:26 PM,41,0
08/29/2018 01:02:45 PM,39,0
08/29/2018 01:03:05 PM,39,0
08/29/2018 01:03:25 PM,38,0
08/29/2018 01:03:45 PM,39,0
08/29/2018 01:04:05 PM,40,1
08/29/2018 01:04:25 PM,40,1
08/29/2018 01:04:44 PM,38,0
08/29/2018 01:05:04 PM,42,0
08/29/2018 01:05:24 PM,39,0
08/29/2018 01:05:44 PM,38,0
08/29/2018 01:06:04 PM,41,0
08/29/2018 01:06:24 PM,40,0
08/29/2018 01:06:43 PM,39,0
08/29/2018 01:07:03 PM,39,1
08/29/2018 01:07:23 PM,39,0
08/29/2018 01:07:43 PM,39,0
08/29/2018 01:08:03 PM,39,0
08/29/2018 01:08:23 PM,38,0
08/29/2018 01:08:42 PM,40,0
08/29/2018 01:09:02 PM,39,1
08/29/2018 01:09:22 PM,39,1
08/29/2018 01:09:42 PM,40,1
08/29/2018 01:10:02 PM,39,1
08/29/2018 01:10:22 PM,40,0
08/29/2018 01:10:41 PM,41,0
08/29/2018 01:11:01 PM,39,0
08/29/2018 01:11:21 PM,40,1
08/29/2018 01:11:41 PM,38,0
08/29/2018 01:12:01 PM,51,1
08/29/2018 01:12:20 PM,39,0
08/29/2018 01:12:40 PM,43,1
08/29/2018 01:13:00 PM,91,0
08/29/2018 01:13:20 PM,91,0
08/29/2018 01:13:40 PM,141,0
08/29/2018 01:14:00 PM,111,1
08/29/2018 01:14:19 PM,140,0
08/29/2018 01:14:39 PM,134,1
08/29/2018 01:14:59 PM,174,1
08/29/2018 01:15:19 PM,171,0
08/29/2018 01:15:39 PM,152,1
08/29/2018 01:15:59 PM,146,1
08/29/2018 01:16:18 PM,207,0
08/29/2018 01:16:38 PM,184,1
08/29/2018 01:16:58 PM,188,0
08/29/2018 01:17:18 PM,191,0
08/29/2018 01:17:38 PM,255,0
08/29/2018 01:17:58 PM,221,0
08/29/2018 01:18:17 PM,250,1
08/29/2018 01:18:37 PM,223,1
08/29/2018 01:18:57 PM,240,0
08/29/2018 01:19:17 PM,218,0
08/29/2018 01:19:37 PM,187,1
08/29/2018 01:19:56 PM,202,0
08/29/2018 01:20:16 PM,171,0
08/29/2018 01:20:36 PM,163,0
08/29/2018 01:20:56 PM,157,0
08/29/2018 01:21:16 PM,181,0
08/29/2018 01:21:36 PM,194,0
08/29/2018 01:21:55 PM,193,0
08/29/2018 01:22:15 PM,206,1
08/29/2018 01:22:35 PM,251,1
08/29/2018 01:22:55 PM,441,0
08/29/2018 01:23:15 PM,460,1
08/29/2018 01:23:35 PM,376,1
08/29/2018 01:23:54 PM,426,0
08/29/2018 01:24:14 PM,426,0
08/29/2018 01:24:34 PM,541,0
08/29/2018 01:24:54 PM,710,0
08/29/2018 01:25:14 PM,676,0
08/29/2018 01:25:34 PM,820,1
08/29/2018 01:25:53 PM,726,0
08/29/2018 01:26:13 PM,549,0
08/29/2018 01:26:33 PM,497,0
08/29/2018 01:26:53 PM,570,1
08/29/2018 01:27:13 PM,645,0
08/29/2018 01:27:33 PM,464,1
08/29/2018 01:27:52 PM,484,1
08/29/2018 01:28:12 PM,572,1
08/29/2018 01:28:32 PM,563,0
08/29/2018 01:28:52 PM,479,0
08/29/2018 01:29:12 PM,461,1
08/29/2018 01:29:31 PM,488,0
08/29/2018 01:29:51 PM,531,1
08/29/2018 01:30:11 PM,522,1
08/29/2018 01:30:31 PM,463,0
08/29/2018 01:30:51 PM,401,0
08/29/2018 01:31:11 PM,367,0
08/29/2018 01:31:30 PM,349,0
08/29/2018 01:31:50 PM,346,0
08/29/2018 01:32:10 PM,322,0
08/29/2018 01:32:30 PM,331,1
08/29/2018 01:32:50 PM,314,0
08/29/2018 01:33:10 PM,319,0
08/29/2018 01:33:29 PM,326,0
08/29/2018 01:33:49 PM,324,0
08/29/2018 01:34:09 PM,326,0
08/29/2018 01:34:29 PM,313,0
08/29/2018 01:34:49 PM,312,0
08/29/2018 01:35:09 PM,359,1
08/29/2018 01:35:28 PM,341,1
08/29/2018 01:35:48 PM,299,0
08/29/2018 01:36:08 PM,268,0
08/29/2018 01:36:28 PM,310,0
08/29/2018 01:36:48 PM,273,0
08/29/2018 01:37:08 PM,310,0
08/29/2018 01:37:27 PM,296,0
08/29/2018 01:37:47 PM,266,0
08/29/2018 01:38:07 PM,325,0
08/29/2018 01:38:27 PM,421,0
08/29/2018 01:38:47 PM,427,0
08/29/2018 01:39:06 PM,438,0
08/29/2018 01:39:26 PM,360,0
08/29/2018 01:39:46 PM,397,0
08/29/2018 01:40:06 PM,348,0
08/29/2018 01:40:26 PM,290,0
08/29/2018 01:40:46 PM,330,0
08/29/2018 01:41:05 PM,294,0
08/29/2018 01:41:25 PM,309,0
08/29/2018 01:41:45 PM,349,0
08/29/2018 01:42:05 PM,309,0
08/29/2018 01:42:25 PM,326,0
08/29/2018 01:42:45 PM,323,0
08/29/2018 01:43:04 PM,422,0
08/29/2018 01:43:24 PM,406,0
08/29/2018 01:43:44 PM,366,0
08/29/2018 01:44:04 PM,371,0
08/29/2018 01:44:24 PM,310,0
08/29/2018 01:44:44 PM,392,0
08/29/2018 01:45:03 PM,352,0
08/29/2018 01:45:23 PM,408,0
08/29/2018 01:45:43 PM,378,0
08/29/2018 01:46:03 PM,381,1
08/29/2018 01:46:23 PM,394,0
08/29/2018 01:46:42 PM,372,0
08/29/2018 01:47:02 PM,366,0
08/29/2018 01:47:22 PM,355,0
08/29/2018 01:47:42 PM,295,0
08/29/2018 01:48:02 PM,284,0
08/29/2018 01:48:22 PM,259,0
08/29/2018 01:48:41 PM,241,0
08/29/2018 01:49:01 PM,244,0
08/29/2018 01:49:21 PM,252,1
08/29/2018 01:49:41 PM,240,1
08/29/2018 01:50:01 PM,255,0
08/29/2018 01:50:21 PM,257,0
08/29/2018 01:50:40 PM,227,0
08/29/2018 01:51:00 PM,231,0
08/29/2018 01:51:20 PM,214,1
08/29/2018 01:51:40 PM,214,0
08/29/2018 01:52:00 PM,216,0
08/29/2018 01:52:20 PM,200,0
08/29/2018 01:52:39 PM,189,0
08/29/2018 01:52:59 PM,177,0
08/29/2018 01:53:19 PM,184,0
08/29/2018 01:53:39 PM,166,0
08/29/2018 01:53:59 PM,160,0
08/29/2018 01:54:19 PM,158,0
08/29/2018 01:54:38 PM,156,0
08/29/2018 01:54:58 PM,154,0
08/29/2018 01:55:18 PM,148,0
08/29/2018 01:55:38 PM,141,0
08/29/2018 01:55:58 PM,144,0
08/29/2018 01:56:17 PM,143,0
08/29/2018 01:56:37 PM,137,0
08/29/2018 01:56:57 PM,130,0
08/29/2018 01:57:17 PM,135,0
08/29/2018 01:57:37 PM,120,0
08/29/2018 01:57:57 PM,125,0
08/29/2018 01:58:16 PM,120,0
08/29/2018 01:58:36 PM,111,1
08/29/2018 01:58:56 PM,114,0
08/29/2018 01:59:16 PM,108,0
08/29/2018 01:59:36 PM,108,1
08/29/2018 01:59:56 PM,113,0
08/29/2018 02:00:15 PM,106,0
08/29/2018 02:00:35 PM,102,0
08/29/2018 02:00:55 PM,103,0
08/29/2018 02:01:15 PM,105,0
08/29/2018 02:01:35 PM,102,0
08/29/2018 02:01:55 PM,103,0
08/29/2018 02:02:14 PM,103,0
08/29/2018 02:02:34 PM,101,0
08/29/2018 02:02:54 PM,99,0
08/29/2018 02:03:14 PM,93,0
08/29/2018 02:03:34 PM,91,0
08/29/2018 02:03:53 PM,90,0
08/29/2018 02:04:13 PM,94,0
08/29/2018 02:04:33 PM,90,0
08/29/2018 02:04:53 PM,88,0
08/29/2018 02:05:13 PM,85,0
08/29/2018 02:05:33 PM,81,0
08/29/2018 02:05:52 PM,78,0
08/29/2018 02:06:12 PM,92,0
08/29/2018 02:06:32 PM,80,0
08/29/2018 02:06:52 PM,76,0
08/29/2018 02:07:12 PM,76,0
08/29/2018 02:07:32 PM,77,0
08/29/2018 02:07:51 PM,73,0
08/29/2018 02:08:11 PM,74,0
08/29/2018 02:08:31 PM,71,0
08/29/2018 02:08:51 PM,78,0
08/29/2018 02:09:11 PM,73,0
08/29/2018 02:09:31 PM,73,0
08/29/2018 02:09:50 PM,73,0
08/29/2018 02:10:10 PM,70,0
08/29/2018 02:10:30 PM,68,0
08/29/2018 02:10:50 PM,67,0
08/29/2018 02:11:10 PM,69,0
08/29/2018 02:11:30 PM,73,0
08/29/2018 02:11:49 PM,70,0
08/29/2018 02:12:09 PM,69,0
08/29/2018 02:12:29 PM,66,0
08/29/2018 02:12:49 PM,68,1
08/29/2018 02:13:09 PM,63,0
08/29/2018 02:13:28 PM,64,0
08/29/2018 02:13:48 PM,65,0
08/29/2018 02:14:08 PM,65,0
08/29/2018 02:14:28 PM,64,1
08/29/2018 02:14:48 PM,65,1
08/29/2018 02:15:08 PM,68,1
08/29/2018 02:15:27 PM,63,0
08/29/2018 02:15:47 PM,66,0
08/29/2018 02:16:07 PM,64,0
08/29/2018 02:16:27 PM,63,0
08/29/2018 02:16:47 PM,64,0
08/29/2018 02:17:07 PM,64,0
08/29/2018 02:17:26 PM,61,0
08/29/2018 02:17:46 PM,59,0
08/29/2018 02:18:06 PM,58,0
08/29/2018 02:18:26 PM,60,0
08/29/2018 02:18:46 PM,61,0
08/29/2018 02:19:06 PM,63,0
08/29/2018 02:19:25 PM,61,0
08/29/2018 02:19:45 PM,58,0
08/29/2018 02:20:05 PM,59,0
08/29/2018 02:20:25 PM,57,1
08/29/2018 02:20:45 PM,58,0
08/29/2018 02:21:04 PM,59,1
08/29/2018 02:21:24 PM,52,1
08/29/2018 02:21:44 PM,54,0
08/29/2018 02:22:04 PM,51,0
08/29/2018 02:22:24 PM,51,0
08/29/2018 02:22:44 PM,56,0
08/29/2018 02:23:03 PM,53,0
08/29/2018 02:23:23 PM,52,0
08/29/2018 02:23:43 PM,50,0
08/29/2018 02:24:03 PM,52,0
08/29/2018 02:24:23 PM,53,0
08/29/2018 02:24:43 PM,51,0
08/29/2018 02:25:02 PM,50,0
08/29/2018 02:25:22 PM,51,0
08/29/2018 02:25:42 PM,50,0
08/29/2018 02:26:02 PM,52,0
08/29/2018 02:26:22 PM,49,1
08/29/2018 02:26:42 PM,51,0
08/29/2018 02:27:01 PM,46,0
08/29/2018 02:27:21 PM,48,0
08/29/2018 02:27:41 PM,50,1
08/29/2018 02:28:01 PM,48,0
08/29/2018 02:28:21 PM,129,1
08/29/2018 02:28:41 PM,63,0
08/29/2018 02:29:00 PM,50,0
08/29/2018 02:29:20 PM,58,0
08/29/2018 02:29:40 PM,50,1
08/29/2018 02:30:00 PM,51,1
08/29/2018 02:30:20 PM,48,1
08/29/2018 02:30:39 PM,51,0
08/29/2018 02:30:59 PM,48,0
08/29/2018 02:31:19 PM,49,0
08/29/2018 02:31:39 PM,49,0
08/29/2018 02:31:59 PM,53,0
08/29/2018 02:32:19 PM,49,0
08/29/2018 02:32:38 PM,48,1
08/29/2018 02:32:58 PM,49,0
08/29/2018 02:33:18 PM,50,0
08/29/2018 02:33:38 PM,46,0
08/29/2018 02:33:58 PM,51,0
08/29/2018 02:34:18 PM,47,0
08/29/2018 02:34:37 PM,51,0
08/29/2018 02:34:57 PM,45,0
08/29/2018 02:35:17 PM,48,0
08/29/2018 02:35:37 PM,52,1
08/29/2018 02:35:57 PM,47,0
08/29/2018 02:36:17 PM,48,0
08/29/2018 02:36:36 PM,48,0
08/29/2018 02:36:56 PM,49,0
08/29/2018 02:37:16 PM,45,1
08/29/2018 02:37:36 PM,47,1
08/29/2018 02:37:56 PM,47,0
08/29/2018 02:38:15 PM,46,1
08/29/2018 02:38:35 PM,44,1
08/29/2018 02:38:55 PM,44,0
08/29/2018 02:39:15 PM,44,0
08/29/2018 02:39:35 PM,46,0
08/29/2018 02:39:55 PM,49,0
08/29/2018 02:40:14 PM,45,1
08/29/2018 02:40:34 PM,44,1
08/29/2018 02:40:54 PM,45,0
08/29/2018 02:41:14 PM,42,0
08/29/2018 02:41:34 PM,44,1
08/29/2018 02:41:54 PM,44,0
08/29/2018 02:42:13 PM,44,0
08/29/2018 02:42:33 PM,42,0
08/29/2018 02:42:53 PM,45,1
08/29/2018 02:43:13 PM,46,1
08/29/2018 02:43:33 PM,47,0
08/29/2018 02:43:53 PM,48,1
08/29/2018 02:44:12 PM,44,1
08/29/2018 02:44:32 PM,44,0
08/29/2018 02:44:52 PM,45,0
08/29/2018 02:45:12 PM,47,1
08/29/2018 02:45:32 PM,45,1
08/29/2018 02:45:52 PM,45,1
08/29/2018 02:46:11 PM,46,0
08/29/2018 02:46:31 PM,45,0
08/29/2018 02:46:51 PM,47,1
08/29/2018 02:47:11 PM,46,1
08/29/2018 02:47:31 PM,45,1
08/29/2018 02:47:50 PM,44,0
08/29/2018 02:48:10 PM,44,0
08/29/2018 02:48:30 PM,44,0
08/29/2018 02:48:50 PM,44,0
08/29/2018 02:49:10 PM,46,1
08/29/2018 02:49:30 PM,44,0
08/29/2018 02:49:49 PM,44,1
08/29/2018 02:50:09 PM,45,0
08/29/2018 02:50:29 PM,45,0
08/29/2018 02:50:49 PM,46,1
08/29/2018 02:51:09 PM,43,1
08/29/2018 02:51:29 PM,43,0
08/29/2018 02:51:48 PM,45,0
08/29/2018 02:52:08 PM,44,0
08/29/2018 02:52:28 PM,44,0
08/29/2018 02:52:48 PM,45,1
08/29/2018 02:53:08 PM,45,1
08/29/2018 02:53:28 PM,45,0
08/29/2018 02:53:47 PM,42,0
08/29/2018 02:54:07 PM,44,0
08/29/2018 02:54:27 PM,46,0
08/29/2018 02:54:47 PM,44,0
08/29/2018 02:55:07 PM,44,0
08/29/2018 02:55:27 PM,44,0
08/29/2018 02:55:46 PM,43,0
08/29/2018 02:56:06 PM,45,0
08/29/2018 02:56:26 PM,51,0
08/29/2018 02:56:46 PM,44,0
08/29/2018 02:57:06 PM,44,0
08/29/2018 02:57:25 PM,45,0
08/29/2018 02:57:45 PM,44,0
08/29/2018 02:58:05 PM,45,0
08/29/2018 02:58:25 PM,44,0
08/29/2018 02:58:45 PM,44,1
08/29/2018 02:59:05 PM,45,0
08/29/2018 02:59:24 PM,44,0
08/29/2018 02:59:44 PM,44,0
08/29/2018 03:00:04 PM,44,0
08/29/2018 03:00:24 PM,42,0
08/29/2018 03:00:44 PM,44,0
08/29/2018 03:01:04 PM,44,0
08/29/2018 03:01:23 PM,43,0
08/29/2018 03:01:43 PM,45,0
08/29/2018 03:02:03 PM,45,0
08/29/2018 03:02:23 PM,44,0
08/29/2018 03:02:43 PM,44,0
08/29/2018 03:03:03 PM,50,0
08/29/2018 03:03:22 PM,48,0
08/29/2018 03:03:42 PM,46,0
08/29/2018 03:04:02 PM,45,0
08/29/2018 03:04:22 PM,45,0
08/29/2018 03:04:42 PM,45,0
08/29/2018 03:05:01 PM,43,0
08/29/2018 03:05:21 PM,45,0
08/29/2018 03:05:41 PM,44,0
08/29/2018 03:06:01 PM,45,0
08/29/2018 03:06:21 PM,44,0
08/29/2018 03:06:41 PM,44,0
08/29/2018 03:07:00 PM,44,0
08/29/2018 03:07:20 PM,45,0
08/29/2018 03:07:40 PM,43,0
08/29/2018 03:08:00 PM,43,0
08/29/2018 03:08:20 PM,43,0
08/29/2018 03:08:40 PM,45,0
08/29/2018 03:08:59 PM,45,1
08/29/2018 03:09:19 PM,43,0
08/29/2018 03:09:39 PM,45,0
08/29/2018 03:09:59 PM,47,0
08/29/2018 03:10:19 PM,44,0
08/29/2018 03:10:39 PM,44,0
08/29/2018 03:10:58 PM,45,0
08/29/2018 03:11:18 PM,44,0
08/29/2018 03:11:38 PM,44,0
08/29/2018 03:11:58 PM,43,0
08/29/2018 03:12:18 PM,43,0
08/29/2018 03:12:38 PM,45,0
08/29/2018 03:12:57 PM,43,0
08/29/2018 03:13:17 PM,45,0
08/29/2018 03:13:37 PM,43,0
08/29/2018 03:13:57 PM,43,0
08/29/2018 03:14:17 PM,44,0
08/29/2018 03:14:36 PM,43,0
08/29/2018 03:14:56 PM,43,0
08/29/2018 03:15:16 PM,45,0
08/29/2018 03:15:36 PM,45,0
08/29/2018 03:15:56 PM,45,0
08/29/2018 03:16:16 PM,44,1
08/29/2018 03:16:35 PM,43,0
08/29/2018 03:16:55 PM,44,0
08/29/2018 03:17:15 PM,45,0
08/29/2018 03:17:35 PM,44,0
08/29/2018 03:17:55 PM,44,0
08/29/2018 03:18:15 PM,44,1
08/29/2018 03:18:34 PM,43,1
08/29/2018 03:18:54 PM,44,1
08/29/2018 03:19:14 PM,46,1
08/29/2018 03:19:34 PM,45,0
08/29/2018 03:19:54 PM,44,0
08/29/2018 03:20:14 PM,45,0
08/29/2018 03:20:33 PM,44,0
08/29/2018 03:20:53 PM,45,0
08/29/2018 03:21:13 PM,45,0
08/29/2018 03:21:33 PM,45,0
08/29/2018 03:21:53 PM,47,0
08/29/2018 03:22:12 PM,48,1
08/29/2018 03:22:32 PM,46,1
08/29/2018 03:22:52 PM,47,1
08/29/2018 03:23:12 PM,48,0
08/29/2018 03:23:32 PM,46,1
08/29/2018 03:23:52 PM,46,0
08/29/2018 03:24:11 PM,47,1
08/29/2018 03:24:31 PM,48,1
08/29/2018 03:24:51 PM,63,0
08/29/2018 03:25:11 PM,49,0
08/29/2018 03:25:31 PM,45,0
08/29/2018 03:25:51 PM,45,0
08/29/2018 03:26:10 PM,45,0
08/29/2018 03:26:30 PM,44,0
08/29/2018 03:26:50 PM,46,0
08/29/2018 03:27:10 PM,44,0
08/29/2018 03:27:30 PM,45,0
08/29/2018 03:27:50 PM,46,0
08/29/2018 03:28:09 PM,47,0
08/29/2018 03:28:29 PM,47,0
08/29/2018 03:28:49 PM,46,0
08/29/2018 03:29:09 PM,45,0
08/29/2018 03:29:29 PM,45,0
08/29/2018 03:29:49 PM,46,0
08/29/2018 03:30:08 PM,45,0
08/29/2018 03:30:28 PM,46,0
08/29/2018 03:30:48 PM,45,0
08/29/2018 03:31:08 PM,46,0
08/29/2018 03:31:28 PM,45,0
08/29/2018 03:31:47 PM,45,0
08/29/2018 03:32:07 PM,46,0
08/29/2018 03:32:27 PM,47,0
08/29/2018 03:32:47 PM,90,0
08/29/2018 03:33:07 PM,45,0
08/29/2018 03:33:27 PM,44,0
08/29/2018 03:33:46 PM,44,0
08/29/2018 03:34:06 PM,44,1
08/29/2018 03:34:26 PM,48,0
08/29/2018 03:34:46 PM,46,1
08/29/2018 03:35:06 PM,45,1
08/29/2018 03:35:26 PM,45,0
08/29/2018 03:35:45 PM,44,0
08/29/2018 03:36:05 PM,45,0
08/29/2018 03:36:25 PM,46,0
08/29/2018 03:36:45 PM,45,0
08/29/2018 03:37:05 PM,45,0
08/29/2018 03:37:25 PM,45,1
08/29/2018 03:37:44 PM,47,1
08/29/2018 03:38:04 PM,60,0
08/29/2018 03:38:24 PM,172,0
08/29/2018 03:38:44 PM,139,0
08/29/2018 03:39:04 PM,255,0
08/29/2018 03:39:23 PM,420,0
08/29/2018 03:39:43 PM,227,1
08/29/2018 03:40:03 PM,369,1
08/29/2018 03:40:23 PM,298,0
08/29/2018 03:40:43 PM,354,0
08/29/2018 03:41:03 PM,361,0
08/29/2018 03:41:22 PM,537,0
08/29/2018 03:41:42 PM,411,0
08/29/2018 03:42:02 PM,510,0
08/29/2018 03:42:22 PM,378,1
08/29/2018 03:42:42 PM,353,1
08/29/2018 03:43:02 PM,438,1
08/29/2018 03:43:21 PM,512,1
08/29/2018 03:43:41 PM,493,0
08/29/2018 03:44:01 PM,372,1
08/29/2018 03:44:21 PM,487,0
08/29/2018 03:44:41 PM,395,0
08/29/2018 03:45:01 PM,351,0
08/29/2018 03:45:20 PM,337,0
08/29/2018 03:45:40 PM,427,0
08/29/2018 03:46:00 PM,426,0
08/29/2018 03:46:20 PM,389,0
08/29/2018 03:46:40 PM,421,0
08/29/2018 03:47:00 PM,438,0
08/29/2018 03:47:19 PM,414,0
08/29/2018 03:47:39 PM,665,0
08/29/2018 03:47:59 PM,638,0
08/29/2018 03:48:19 PM,617,0
08/29/2018 03:48:39 PM,461,0
08/29/2018 03:48:58 PM,543,1
08/29/2018 03:49:18 PM,411,0
08/29/2018 03:49:38 PM,410,0
08/29/2018 03:49:58 PM,474,1
08/29/2018 03:50:18 PM,371,0
08/29/2018 03:50:38 PM,378,1
08/29/2018 03:50:57 PM,404,1
08/29/2018 03:51:17 PM,403,0
08/29/2018 03:51:37 PM,378,0
08/29/2018 03:51:57 PM,392,0
08/29/2018 03:52:17 PM,316,0
08/29/2018 03:52:37 PM,326,1
08/29/2018 03:52:56 PM,339,0
08/29/2018 03:53:16 PM,311,1
08/29/2018 03:53:36 PM,319,0
08/29/2018 03:53:56 PM,297,0
08/29/2018 03:54:16 PM,284,0
08/29/2018 03:54:36 PM,286,0
08/29/2018 03:54:55 PM,297,0
08/29/2018 03:55:15 PM,262,0
08/29/2018 03:55:35 PM,229,0
08/29/2018 03:55:55 PM,216,0
08/29/2018 03:56:15 PM,222,0
08/29/2018 03:56:34 PM,200,0
08/29/2018 03:56:54 PM,243,0
08/29/2018 03:57:14 PM,216,0
08/29/2018 03:57:34 PM,196,0
08/29/2018 03:57:54 PM,215,0
08/29/2018 03:58:14 PM,206,0
08/29/2018 03:58:33 PM,219,0
08/29/2018 03:58:53 PM,203,0
08/29/2018 03:59:13 PM,198,0
08/29/2018 03:59:33 PM,196,0
08/29/2018 03:59:53 PM,196,0
08/29/2018 04:00:13 PM,224,0
08/29/2018 04:00:32 PM,211,0
08/29/2018 04:00:52 PM,221,0
08/29/2018 04:01:12 PM,171,0
08/29/2018 04:01:32 PM,179,1
08/29/2018 04:01:52 PM,199,0
08/29/2018 04:02:12 PM,167,0
08/29/2018 04:02:31 PM,204,0
08/29/2018 04:02:51 PM,211,0
08/29/2018 04:03:11 PM,207,0
08/29/2018 04:03:31 PM,200,0
08/29/2018 04:03:51 PM,194,1
08/29/2018 04:04:11 PM,187,0
08/29/2018 04:04:30 PM,223,0
08/29/2018 04:04:50 PM,184,0
08/29/2018 04:05:10 PM,184,0
08/29/2018 04:05:30 PM,226,0
08/29/2018 04:05:50 PM,191,0
08/29/2018 04:06:09 PM,190,0
08/29/2018 04:06:29 PM,182,0
08/29/2018 04:06:49 PM,157,0
08/29/2018 04:07:09 PM,156,0
08/29/2018 04:07:29 PM,137,0
08/29/2018 04:07:49 PM,151,0
08/29/2018 04:08:08 PM,153,0
08/29/2018 04:08:28 PM,136,0
08/29/2018 04:08:48 PM,142,0
08/29/2018 04:09:08 PM,135,0
08/29/2018 04:09:28 PM,137,0
08/29/2018 04:09:48 PM,153,0
08/29/2018 04:10:07 PM,120,1
08/29/2018 04:10:27 PM,135,1
08/29/2018 04:10:47 PM,135,1
08/29/2018 04:11:07 PM,151,0
08/29/2018 04:11:27 PM,197,0
08/29/2018 04:11:47 PM,156,0
08/29/2018 04:12:06 PM,147,0
08/29/2018 04:12:26 PM,169,0
08/29/2018 04:12:46 PM,163,0
08/29/2018 04:13:06 PM,159,0
08/29/2018 04:13:26 PM,162,1
08/29/2018 04:13:45 PM,135,0
08/29/2018 04:14:05 PM,122,0
08/29/2018 04:14:25 PM,137,0
08/29/2018 04:14:45 PM,117,0
08/29/2018 04:15:05 PM,125,0
08/29/2018 04:15:25 PM,113,0
08/29/2018 04:15:44 PM,109,0
08/29/2018 04:16:04 PM,110,0
08/29/2018 04:16:24 PM,113,0
08/29/2018 04:16:44 PM,116,0
08/29/2018 04:17:04 PM,104,0
08/29/2018 04:17:24 PM,105,0
08/29/2018 04:17:43 PM,117,0
08/29/2018 04:18:03 PM,104,0
08/29/2018 04:18:23 PM,111,0
08/29/2018 04:18:43 PM,107,0
08/29/2018 04:19:03 PM,112,0
08/29/2018 04:19:23 PM,111,1
08/29/2018 04:19:42 PM,116,0
08/29/2018 04:20:02 PM,103,0
08/29/2018 04:20:22 PM,114,0
08/29/2018 04:20:42 PM,108,0
08/29/2018 04:21:02 PM,106,0
08/29/2018 04:21:22 PM,102,0
08/29/2018 04:21:41 PM,99,1
08/29/2018 04:22:01 PM,100,0
08/29/2018 04:22:21 PM,94,0
08/29/2018 04:22:41 PM,93,0
08/29/2018 04:23:01 PM,99,1
08/29/2018 04:23:20 PM,86,0
08/29/2018 04:23:40 PM,82,0
08/29/2018 04:24:00 PM,81,1
08/29/2018 04:24:20 PM,78,0
08/29/2018 04:24:40 PM,81,1
08/29/2018 04:25:00 PM,83,1
08/29/2018 04:25:19 PM,78,0
08/29/2018 04:25:39 PM,78,0
08/29/2018 04:25:59 PM,80,0
08/29/2018 04:26:19 PM,71,0
08/29/2018 04:26:39 PM,76,1
08/29/2018 04:26:59 PM,74,0
08/29/2018 04:27:18 PM,68,0
08/29/2018 04:27:38 PM,71,0
08/29/2018 04:27:58 PM,73,0
08/29/2018 04:28:18 PM,69,0
08/29/2018 04:28:38 PM,67,0
08/29/2018 04:28:58 PM,63,0
08/29/2018 04:29:17 PM,64,0
08/29/2018 04:29:37 PM,63,1
08/29/2018 04:29:57 PM,62,0
08/29/2018 04:30:17 PM,63,0
08/29/2018 04:30:37 PM,64,0
08/29/2018 04:30:57 PM,59,0
08/29/2018 04:31:16 PM,60,0
08/29/2018 04:31:36 PM,59,0
08/29/2018 04:31:56 PM,54,0
08/29/2018 04:32:16 PM,57,1
08/29/2018 04:32:36 PM,57,0
08/29/2018 04:32:55 PM,57,0
08/29/2018 04:33:15 PM,57,0
08/29/2018 04:33:35 PM,57,0
08/29/2018 04:33:55 PM,56,0
08/29/2018 04:34:15 PM,55,0
08/29/2018 04:34:35 PM,54,0
08/29/2018 04:34:54 PM,56,0
08/29/2018 04:35:14 PM,54,0
08/29/2018 04:35:34 PM,57,0
08/29/2018 04:35:54 PM,56,0
08/29/2018 04:36:14 PM,54,0
08/29/2018 04:36:34 PM,55,0
08/29/2018 04:36:53 PM,57,0
08/29/2018 04:37:13 PM,51,1
08/29/2018 04:37:33 PM,53,0
08/29/2018 04:37:53 PM,54,1
08/29/2018 04:38:13 PM,54,0
08/29/2018 04:38:33 PM,52,0
08/29/2018 04:38:52 PM,55,0
08/29/2018 04:39:12 PM,52,0
08/29/2018 04:39:32 PM,51,0
08/29/2018 04:39:52 PM,52,0
08/29/2018 04:40:12 PM,51,1
08/29/2018 04:40:31 PM,53,1
08/29/2018 04:40:51 PM,51,0
08/29/2018 04:41:11 PM,53,1
08/29/2018 04:41:31 PM,51,0
08/29/2018 04:41:51 PM,50,0
08/29/2018 04:42:11 PM,51,0
08/29/2018 04:42:30 PM,51,1
08/29/2018 04:42:50 PM,51,0
08/29/2018 04:43:10 PM,50,0
08/29/2018 04:43:30 PM,51,0
08/29/2018 04:43:50 PM,50,1
08/29/2018 04:44:10 PM,51,1
08/29/2018 04:44:29 PM,50,1
08/29/2018 04:44:49 PM,50,0
08/29/2018 04:45:09 PM,48,0
08/29/2018 04:45:29 PM,51,1
08/29/2018 04:45:49 PM,48,1
08/29/2018 04:46:09 PM,48,1
08/29/2018 04:46:28 PM,48,0
08/29/2018 04:46:48 PM,49,0
08/29/2018 04:47:08 PM,48,0
08/29/2018 04:47:28 PM,48,0
08/29/2018 04:47:48 PM,48,0
08/29/2018 04:48:08 PM,48,0
08/29/2018 04:48:27 PM,49,0
08/29/2018 04:48:47 PM,46,1
08/29/2018 04:49:07 PM,49,1
08/29/2018 04:49:27 PM,48,1
08/29/2018 04:49:47 PM,47,1
08/29/2018 04:50:06 PM,48,0
08/29/2018 04:50:26 PM,48,0
08/29/2018 04:50:46 PM,49,1
08/29/2018 04:51:06 PM,48,0
08/29/2018 04:51:26 PM,47,1
08/29/2018 04:51:46 PM,46,1
08/29/2018 04:52:05 PM,47,0
08/29/2018 04:52:25 PM,49,1
08/29/2018 04:52:45 PM,45,0
08/29/2018 04:53:05 PM,47,0
08/29/2018 04:53:25 PM,47,0
08/29/2018 04:53:45 PM,45,0
08/29/2018 04:54:04 PM,46,0
08/29/2018 04:54:24 PM,46,1
08/29/2018 04:54:44 PM,45,0
08/29/2018 04:55:04 PM,47,0
08/29/2018 04:55:24 PM,44,0
08/29/2018 04:55:44 PM,47,0
08/29/2018 04:56:03 PM,46,0
08/29/2018 04:56:23 PM,46,1
08/29/2018 04:56:43 PM,43,1
08/29/2018 04:57:03 PM,46,1
08/29/2018 04:57:23 PM,45,1
08/29/2018 04:57:42 PM,46,1
08/29/2018 04:58:02 PM,46,1
08/29/2018 04:58:22 PM,43,0
08/29/2018 04:58:42 PM,51,0
08/29/2018 04:59:02 PM,44,0
08/29/2018 04:59:22 PM,46,0
08/29/2018 04:59:41 PM,45,0
08/29/2018 05:00:01 PM,47,1
08/29/2018 05:00:21 PM,45,1
08/29/2018 05:00:41 PM,45,0
08/29/2018 05:01:01 PM,43,0
08/29/2018 05:01:21 PM,44,0
08/29/2018 05:01:40 PM,44,0
08/29/2018 05:02:00 PM,43,1
08/29/2018 05:02:20 PM,45,1
08/29/2018 05:02:40 PM,45,0
08/29/2018 05:03:00 PM,44,0
08/29/2018 05:03:20 PM,44,1
08/29/2018 05:03:39 PM,44,0
08/29/2018 05:03:59 PM,41,0
08/29/2018 05:04:19 PM,45,1
08/29/2018 05:04:39 PM,45,0
08/29/2018 05:04:59 PM,43,0
08/29/2018 05:05:19 PM,44,0
08/29/2018 05:05:38 PM,43,0
08/29/2018 05:05:58 PM,43,1
08/29/2018 05:06:18 PM,43,0
08/29/2018 05:06:38 PM,44,0
08/29/2018 05:06:58 PM,43,0
08/29/2018 05:07:17 PM,41,1
08/29/2018 05:07:37 PM,44,1
08/29/2018 05:07:57 PM,44,0
08/29/2018 05:08:17 PM,42,1
08/29/2018 05:08:37 PM,42,0
08/29/2018 05:08:57 PM,44,0
08/29/2018 05:09:16 PM,42,1
08/29/2018 05:09:36 PM,41,1
08/29/2018 05:09:56 PM,41,0
08/29/2018 05:10:16 PM,40,1
08/29/2018 05:10:36 PM,41,0
08/29/2018 05:10:56 PM,42,0
08/29/2018 05:11:15 PM,41,1
08/29/2018 05:11:35 PM,41,1
08/29/2018 05:11:55 PM,41,1
08/29/2018 05:12:15 PM,40,0
08/29/2018 05:12:35 PM,41,0
08/29/2018 05:12:55 PM,41,1
08/29/2018 05:13:14 PM,42,0
08/29/2018 05:13:34 PM,40,0
08/29/2018 05:13:54 PM,41,0
08/29/2018 05:14:14 PM,41,0
08/29/2018 05:14:34 PM,42,0
08/29/2018 05:14:53 PM,41,1
08/29/2018 05:15:13 PM,42,0
08/29/2018 05:15:33 PM,43,0
08/29/2018 05:15:53 PM,42,0
08/29/2018 05:16:13 PM,42,0
08/29/2018 05:16:33 PM,40,0
08/29/2018 05:16:52 PM,42,0
08/29/2018 05:17:12 PM,43,0
08/29/2018 05:17:32 PM,40,0
08/29/2018 05:17:52 PM,41,0
08/29/2018 05:18:12 PM,41,0
08/29/2018 05:18:32 PM,41,0
08/29/2018 05:18:51 PM,40,0
08/29/2018 05:19:11 PM,41,0
08/29/2018 05:19:31 PM,40,1
08/29/2018 05:19:51 PM,41,0
08/29/2018 05:20:11 PM,40,0
08/29/2018 05:20:31 PM,41,0
08/29/2018 05:20:50 PM,39,1
08/29/2018 05:21:10 PM,42,0
08/29/2018 05:21:30 PM,42,0
08/29/2018 05:21:50 PM,40,0
08/29/2018 05:22:10 PM,41,0
08/29/2018 05:22:30 PM,39,0
08/29/2018 05:22:49 PM,39,0
08/29/2018 05:23:09 PM,44,0
08/29/2018 05:23:29 PM,41,1
08/29/2018 05:23:49 PM,40,1
08/29/2018 05:24:09 PM,42,0
08/29/2018 05:24:28 PM,39,0
08/29/2018 05:24:48 PM,39,1
08/29/2018 05:25:08 PM,41,1
08/29/2018 05:25:28 PM,46,0
08/29/2018 05:25:48 PM,39,0
08/29/2018 05:26:08 PM,39,0
08/29/2018 05:26:27 PM,39,0
08/29/2018 05:26:47 PM,42,0
08/29/2018 05:27:07 PM,40,0
08/29/2018 05:27:27 PM,39,1
08/29/2018 05:27:47 PM,42,1
08/29/2018 05:28:07 PM,40,1
08/29/2018 05:28:26 PM,39,1
08/29/2018 05:28:46 PM,38,1
08/29/2018 05:29:06 PM,40,1
08/29/2018 05:29:26 PM,41,1
08/29/2018 05:29:46 PM,51,1
08/29/2018 05:30:06 PM,41,0
08/29/2018 05:30:25 PM,39,0
08/29/2018 05:30:45 PM,40,0
08/29/2018 05:31:05 PM,39,0
08/29/2018 05:31:25 PM,40,0
08/29/2018 05:31:45 PM,39,0
08/29/2018 05:32:04 PM,40,0
08/29/2018 05:32:24 PM,40,0
08/29/2018 05:32:44 PM,40,0
08/29/2018 05:33:04 PM,40,1
08/29/2018 05:33:24 PM,39,1
08/29/2018 05:33:44 PM,39,1
08/29/2018 05:34:03 PM,40,0
08/29/2018 05:34:23 PM,41,0
08/29/2018 05:34:43 PM,38,1
08/29/2018 05:35:03 PM,40,1
08/29/2018 05:35:23 PM,39,1
08/29/2018 05:35:43 PM,39,1
08/29/2018 05:36:02 PM,38,1
08/29/2018 05:36:22 PM,45,1
08/29/2018 05:36:42 PM,42,1
08/29/2018 05:37:02 PM,39,1
08/29/2018 05:37:22 PM,42,1
08/29/2018 05:37:42 PM,39,1
08/29/2018 05:38:01 PM,44,1
08/29/2018 05:38:21 PM,43,1
08/29/2018 05:38:41 PM,39,0
08/29/2018 05:39:01 PM,40,1
08/29/2018 05:39:21 PM,41,0
08/29/2018 05:39:41 PM,40,0
08/29/2018 05:40:00 PM,38,0
08/29/2018 05:40:20 PM,38,0
08/29/2018 05:40:40 PM,38,0
08/29/2018 05:41:00 PM,39,0
08/29/2018 05:41:20 PM,40,1
08/29/2018 05:41:39 PM,38,0
08/29/2018 05:41:59 PM,39,0
08/29/2018 05:42:19 PM,39,0
08/29/2018 05:42:39 PM,40,0
08/29/2018 05:42:59 PM,39,0
08/29/2018 05:43:19 PM,40,0
08/29/2018 05:43:38 PM,38,1
08/29/2018 05:43:58 PM,41,1
08/29/2018 05:44:18 PM,40,1
08/29/2018 05:44:38 PM,39,0
08/29/2018 05:44:58 PM,40,0
08/29/2018 05:45:18 PM,37,0
08/29/2018 05:45:37 PM,38,0
08/29/2018 05:45:57 PM,39,1
08/29/2018 05:46:17 PM,38,0
08/29/2018 05:46:37 PM,38,0
08/29/2018 05:46:57 PM,39,0
08/29/2018 05:47:17 PM,38,0
08/29/2018 05:47:36 PM,41,1
08/29/2018 05:47:56 PM,38,0
08/29/2018 05:48:16 PM,38,1
08/29/2018 05:48:36 PM,41,0
08/29/2018 05:48:56 PM,38,0
08/29/2018 05:49:16 PM,39,0
08/29/2018 05:49:35 PM,38,0
08/29/2018 05:49:55 PM,38,0
08/29/2018 05:50:15 PM,38,1
08/29/2018 05:50:35 PM,38,0
08/29/2018 05:50:55 PM,37,1
08/29/2018 05:51:14 PM,38,1
08/29/2018 05:51:34 PM,39,0
08/29/2018 05:51:54 PM,40,0
08/29/2018 05:52:14 PM,44,0
08/29/2018 05:52:34 PM,44,0
08/29/2018 05:52:54 PM,45,0
08/29/2018 05:53:13 PM,48,0
08/29/2018 05:53:33 PM,62,0
08/29/2018 05:53:53 PM,65,0
08/29/2018 05:54:13 PM,78,0
08/29/2018 05:54:33 PM,75,0
08/29/2018 05:54:53 PM,87,0
08/29/2018 05:55:12 PM,70,0
08/29/2018 05:55:32 PM,90,0
08/29/2018 05:55:52 PM,96,0
08/29/2018 05:56:12 PM,98,0
08/29/2018 05:56:32 PM,108,0
08/29/2018 05:56:52 PM,169,0
08/29/2018 05:57:11 PM,139,0
08/29/2018 05:57:31 PM,195,0
08/29/2018 05:57:51 PM,169,0
08/29/2018 05:58:11 PM,183,0
08/29/2018 05:58:31 PM,238,0
08/29/2018 05:58:50 PM,193,0
08/29/2018 05:59:10 PM,211,1
08/29/2018 05:59:30 PM,239,0
08/29/2018 05:59:50 PM,195,0
08/29/2018 06:00:10 PM,221,0
08/29/2018 06:00:30 PM,177,0
08/29/2018 06:00:49 PM,180,0
08/29/2018 06:01:09 PM,212,1
08/29/2018 06:01:29 PM,183,1
08/29/2018 06:01:49 PM,231,0
08/29/2018 06:02:09 PM,316,0
08/29/2018 06:02:29 PM,280,0
08/29/2018 06:02:48 PM,374,0
08/29/2018 06:03:08 PM,437,0
08/29/2018 06:03:28 PM,359,0
08/29/2018 06:03:48 PM,339,0
08/29/2018 06:04:08 PM,332,0
08/29/2018 06:04:28 PM,314,0
08/29/2018 06:04:47 PM,289,0
08/29/2018 06:05:07 PM,292,0
08/29/2018 06:05:27 PM,250,0
08/29/2018 06:05:47 PM,304,0
08/29/2018 06:06:07 PM,244,0
08/29/2018 06:06:27 PM,245,0
08/29/2018 06:06:46 PM,342,0
08/29/2018 06:07:06 PM,329,0
08/29/2018 06:07:26 PM,277,0
08/29/2018 06:07:46 PM,287,0
08/29/2018 06:08:06 PM,317,0
08/29/2018 06:08:25 PM,334,1
08/29/2018 06:08:45 PM,302,0
08/29/2018 06:09:05 PM,275,0
08/29/2018 06:09:25 PM,306,0
08/29/2018 06:09:45 PM,381,0
08/29/2018 06:10:05 PM,381,0
08/29/2018 06:10:24 PM,310,0
08/29/2018 06:10:44 PM,251,1
08/29/2018 06:11:04 PM,278,1
08/29/2018 06:11:24 PM,247,0
08/29/2018 06:11:44 PM,205,0
08/29/2018 06:12:04 PM,215,0
08/29/2018 06:12:23 PM,237,1
08/29/2018 06:12:43 PM,234,0
08/29/2018 06:13:03 PM,186,0
08/29/2018 06:13:23 PM,190,0
08/29/2018 06:13:43 PM,197,0
08/29/2018 06:14:03 PM,160,0
08/29/2018 06:14:22 PM,158,0
08/29/2018 06:14:42 PM,154,0
08/29/2018 06:15:02 PM,159,0
08/29/2018 06:15:22 PM,156,1
08/29/2018 06:15:42 PM,151,1
08/29/2018 06:16:01 PM,151,0
08/29/2018 06:16:21 PM,211,0
08/29/2018 06:16:41 PM,188,1
08/29/2018 06:17:01 PM,165,1
08/29/2018 06:17:21 PM,204,0
08/29/2018 06:17:41 PM,178,0
08/29/2018 06:18:00 PM,181,1
08/29/2018 06:18:20 PM,170,0
08/29/2018 06:18:40 PM,192,0
08/29/2018 06:19:00 PM,199,0
08/29/2018 06:19:20 PM,168,0
08/29/2018 06:19:40 PM,189,0
08/29/2018 06:19:59 PM,209,1
08/29/2018 06:20:19 PM,158,1
08/29/2018 06:20:39 PM,170,1
08/29/2018 06:20:59 PM,168,0
08/29/2018 06:21:19 PM,152,0
08/29/2018 06:21:39 PM,163,0
08/29/2018 06:21:58 PM,219,0
08/29/2018 06:22:18 PM,188,0
08/29/2018 06:22:38 PM,203,0
08/29/2018 06:22:58 PM,207,0
08/29/2018 06:23:18 PM,235,0
08/29/2018 06:23:38 PM,298,0
08/29/2018 06:23:57 PM,226,0
08/29/2018 06:24:17 PM,244,0
08/29/2018 06:24:37 PM,273,0
08/29/2018 06:24:57 PM,219,1
08/29/2018 06:25:17 PM,191,0
08/29/2018 06:25:36 PM,231,1
08/29/2018 06:25:56 PM,223,1
08/29/2018 06:26:16 PM,253,0
08/29/2018 06:26:36 PM,217,1
08/29/2018 06:26:56 PM,248,0
08/29/2018 06:27:16 PM,270,1
08/29/2018 06:27:35 PM,254,0
08/29/2018 06:27:55 PM,213,0
08/29/2018 06:28:15 PM,228,0
08/29/2018 06:28:35 PM,222,0
08/29/2018 06:28:55 PM,192,0
08/29/2018 06:29:15 PM,257,1
08/29/2018 06:29:34 PM,208,1
08/29/2018 06:29:54 PM,207,0
08/29/2018 06:30:14 PM,198,0
08/29/2018 06:30:34 PM,187,0
08/29/2018 06:30:54 PM,223,0
08/29/2018 06:31:14 PM,229,0
08/29/2018 06:31:33 PM,208,0
08/29/2018 06:31:53 PM,328,0
08/29/2018 06:32:13 PM,271,0
08/29/2018 06:32:33 PM,347,0
08/29/2018 06:32:53 PM,325,0
08/29/2018 06:33:12 PM,491,0
08/29/2018 06:33:32 PM,463,0
08/29/2018 06:33:52 PM,407,1
08/29/2018 06:34:12 PM,354,1
08/29/2018 06:34:32 PM,382,0
08/29/2018 06:34:52 PM,439,0
08/29/2018 06:35:11 PM,327,0
08/29/2018 06:35:31 PM,403,0
08/29/2018 06:35:51 PM,316,0
08/29/2018 06:36:11 PM,302,0
08/29/2018 06:36:31 PM,275,0
08/29/2018 06:36:51 PM,293,0
08/29/2018 06:37:10 PM,238,0
08/29/2018 06:37:30 PM,231,0
08/29/2018 06:37:50 PM,213,0
08/29/2018 06:38:10 PM,220,1
08/29/2018 06:38:30 PM,224,1
08/29/2018 06:38:50 PM,196,0
08/29/2018 06:39:09 PM,209,0
08/29/2018 06:39:29 PM,199,1
08/29/2018 06:39:49 PM,186,0
08/29/2018 06:40:09 PM,175,0
08/29/2018 06:40:29 PM,178,0
08/29/2018 06:40:49 PM,151,0
08/29/2018 06:41:08 PM,146,0
08/29/2018 06:41:28 PM,163,0
08/29/2018 06:41:48 PM,150,0
08/29/2018 06:42:08 PM,147,0
08/29/2018 06:42:28 PM,126,0
08/29/2018 06:42:47 PM,133,0
08/29/2018 06:43:07 PM,136,0
08/29/2018 06:43:27 PM,120,1
08/29/2018 06:43:47 PM,123,0
08/29/2018 06:44:07 PM,111,0
08/29/2018 06:44:27 PM,114,0
08/29/2018 06:44:46 PM,109,0
08/29/2018 06:45:06 PM,118,0
08/29/2018 06:45:26 PM,113,0
08/29/2018 06:45:46 PM,122,0
08/29/2018 06:46:06 PM,115,0
08/29/2018 06:46:26 PM,103,0
08/29/2018 06:46:45 PM,102,0
08/29/2018 06:47:05 PM,109,0
08/29/2018 06:47:25 PM,102,0
08/29/2018 06:47:45 PM,100,0
08/29/2018 06:48:05 PM,90,0
08/29/2018 06:48:25 PM,100,0
08/29/2018 06:48:44 PM,96,0
08/29/2018 06:49:04 PM,93,0
08/29/2018 06:49:24 PM,95,0
08/29/2018 06:49:44 PM,89,0
08/29/2018 06:50:04 PM,92,0
08/29/2018 06:50:23 PM,90,1
08/29/2018 06:50:43 PM,87,0
08/29/2018 06:51:03 PM,90,0
08/29/2018 06:51:23 PM,92,0
08/29/2018 06:51:43 PM,85,0
08/29/2018 06:52:03 PM,84,0
08/29/2018 06:52:22 PM,78,0
08/29/2018 06:52:42 PM,83,0
08/29/2018 06:53:02 PM,78,0
08/29/2018 06:53:22 PM,73,1
08/29/2018 06:53:42 PM,78,0
08/29/2018 06:54:02 PM,73,1
08/29/2018 06:54:21 PM,71,0
08/29/2018 06:54:41 PM,71,0
08/29/2018 06:55:01 PM,68,0
08/29/2018 06:55:21 PM,75,0
08/29/2018 06:55:41 PM,72,0
08/29/2018 06:56:01 PM,72,0
08/29/2018 06:56:20 PM,69,0
08/29/2018 06:56:40 PM,75,0
08/29/2018 06:57:00 PM,68,0
08/29/2018 06:57:20 PM,70,0
08/29/2018 06:57:40 PM,70,0
08/29/2018 06:58:00 PM,71,0
08/29/2018 06:58:19 PM,69,0
08/29/2018 06:58:39 PM,69,0
08/29/2018 06:58:59 PM,70,0
08/29/2018 06:59:19 PM,67,1
08/29/2018 06:59:39 PM,66,0
08/29/2018 06:59:58 PM,66,0
08/29/2018 07:00:18 PM,68,0
08/29/2018 07:00:38 PM,62,0
08/29/2018 07:00:58 PM,63,0
08/29/2018 07:01:18 PM,70,0
08/29/2018 07:01:38 PM,67,0
08/29/2018 07:01:57 PM,60,0
08/29/2018 07:02:17 PM,62,1
08/29/2018 07:02:37 PM,62,0
08/29/2018 07:02:57 PM,60,0
08/29/2018 07:03:17 PM,59,0
08/29/2018 07:03:37 PM,64,0
08/29/2018 07:03:56 PM,60,0
08/29/2018 07:04:16 PM,60,0
08/29/2018 07:04:36 PM,59,0
08/29/2018 07:04:56 PM,57,0
08/29/2018 07:05:16 PM,61,0
08/29/2018 07:05:36 PM,59,0
08/29/2018 07:05:55 PM,54,0
08/29/2018 07:06:15 PM,56,0
08/29/2018 07:06:35 PM,51,1
08/29/2018 07:06:55 PM,53,1
08/29/2018 07:07:15 PM,51,0
08/29/2018 07:07:35 PM,72,0
08/29/2018 07:07:54 PM,51,0
08/29/2018 07:08:14 PM,47,0
08/29/2018 07:08:34 PM,53,0
08/29/2018 07:08:54 PM,50,0
08/29/2018 07:09:14 PM,48,0
08/29/2018 07:09:33 PM,47,1
08/29/2018 07:09:53 PM,47,0
08/29/2018 07:10:13 PM,51,1
08/29/2018 07:10:33 PM,47,1
08/29/2018 07:10:53 PM,66,1
08/29/2018 07:11:13 PM,60,1
08/29/2018 07:11:32 PM,51,1
08/29/2018 07:11:52 PM,48,0
08/29/2018 07:12:12 PM,48,1
08/29/2018 07:12:32 PM,17,1
08/29/2018 07:12:52 PM,17,1
08/29/2018 07:13:12 PM,23,1
08/29/2018 07:13:31 PM,22,1
08/29/2018 07:13:51 PM,10,1
08/29/2018 07:14:11 PM,10,1
08/29/2018 07:14:31 PM,49,1
08/29/2018 07:14:51 PM,8,0
08/29/2018 07:15:11 PM,9,0
08/29/2018 07:15:30 PM,8,1
08/29/2018 07:15:50 PM,9,1
08/29/2018 07:16:10 PM,6,1
08/29/2018 07:16:30 PM,5,1
08/29/2018 07:16:50 PM,5,1
08/29/2018 07:17:09 PM,4,1
08/29/2018 07:17:29 PM,17,1
08/29/2018 07:17:49 PM,0,1
08/29/2018 07:18:09 PM,-5,1
08/29/2018 07:18:29 PM,1,1
08/29/2018 07:18:49 PM,-4,0
08/29/2018 07:19:08 PM,-4,0
08/29/2018 07:19:28 PM,6,1
08/29/2018 07:19:48 PM,-4,1
08/29/2018 07:20:08 PM,-6,1
08/29/2018 07:20:28 PM,-6,0
08/29/2018 07:20:48 PM,-7,0
08/29/2018 07:21:07 PM,-6,0
08/29/2018 07:21:27 PM,-6,0
08/29/2018 07:21:47 PM,-6,0
08/29/2018 07:22:07 PM,-8,0
08/29/2018 07:22:27 PM,-7,0
08/29/2018 07:22:47 PM,-5,0
08/29/2018 07:23:06 PM,-7,1
08/29/2018 07:23:26 PM,-8,1
08/29/2018 07:23:46 PM,-9,0
08/29/2018 07:24:06 PM,-7,0
08/29/2018 07:24:26 PM,-6,0
08/29/2018 07:24:46 PM,-8,0
08/29/2018 07:25:05 PM,-8,1
08/29/2018 07:25:25 PM,-11,1
08/29/2018 07:25:45 PM,-9,0
08/29/2018 07:26:05 PM,-9,0
08/29/2018 07:26:25 PM,-10,0
08/29/2018 07:26:44 PM,-9,1
08/29/2018 07:27:04 PM,-9,0
08/29/2018 07:27:24 PM,-37,1
